postal_code,kraj,okres
01001,Žilinský,Žilina
01002,Žilinský,ZA
01003,Žilinský,Žilina
01004,Žilinský,Žilina
01007,Žilinský,Žilina
01008,Žilinský,Žilina
01009,Žilinský,Žilina
01010,Žilinský,ZA
01014,Žilinský,Žilina
01015,Žilinský,Žilina
01024,Žilinský,ZA
01025,Žilinský,ZA
01026,Žilinský,ZA
01028,Žilinský,ZA
01029,Žilinský,ZA
01032,Žilinský,ZA
01033,Žilinský,ZA
01036,Žilinský,ZA
01037,Žilinský,ZA
01038,Žilinský,ZA
01040,Žilinský,ZA
01043,Žilinský,ZA
01046,Žilinský,ZA
01050,Žilinský,ZA
01051,Žilinský,ZA
01053,Žilinský,ZA
01055,Žilinský,ZA
01056,Žilinský,ZA
01058,Žilinský,ZA
01059,Žilinský,ZA
01060,Žilinský,ZA
01063,Žilinský,ZA
01065,Žilinský,ZA
01066,Žilinský,ZA
01069,Žilinský,ZA
01075,Žilinský,ZA
01077,Žilinský,ZA
01080,Žilinský,ZA
01083,Žilinský,ZA
01085,Žilinský,ZA
01086,Žilinský,ZA
01088,Žilinský,ZA
01091,Žilinský,ZA
01093,Žilinský,ZA
01094,Žilinský,ZA
01098,Žilinský,ZA
01099,Žilinský,ZA
01100,Žilinský,ZA
01101,Žilinský,ZA
01104,Žilinský,ZA
01106,Žilinský,ZA
01109,Žilinský,ZA
01111,Žilinský,ZA
01112,Žilinský,ZA
01114,Žilinský,ZA
01115,Žilinský,ZA
01118,Žilinský,ZA
01119,Žilinský,ZA
01120,Žilinský,ZA
01121,Žilinský,ZA
01123,Žilinský,ZA
01124,Žilinský,ZA
01126,Žilinský,ZA
01128,Žilinský,ZA
01129,Žilinský,ZA
01130,Žilinský,ZA
01131,Žilinský,ZA
01135,Žilinský,ZA
01136,Žilinský,ZA
01137,Žilinský,ZA
01140,Žilinský,ZA
01141,Žilinský,ZA
01143,Žilinský,ZA
01145,Žilinský,ZA
01147,Žilinský,ZA
01148,Žilinský,ZA
01155,Žilinský,ZA
01156,Žilinský,ZA
01157,Žilinský,ZA
01158,Žilinský,ZA
01159,Žilinský,ZA
01161,Žilinský,ZA
01162,Žilinský,ZA
01163,Žilinský,ZA
01165,Žilinský,ZA
01167,Žilinský,ZA
01169,Žilinský,ZA
01170,Žilinský,ZA
01171,Žilinský,ZA
01174,Žilinský,ZA
01177,Žilinský,ZA
01178,Žilinský,ZA
01179,Žilinský,ZA
01180,Žilinský,ZA
01184,Žilinský,ZA
01186,Žilinský,ZA
01187,Žilinský,ZA
01188,Žilinský,ZA
01191,Žilinský,ZA
01192,Žilinský,ZA
01193,Žilinský,ZA
01194,Žilinský,ZA
01195,Žilinský,ZA
01196,Žilinský,ZA
01197,Žilinský,ZA
01198,Žilinský,ZA
01200,Žilinský,ZA
01202,Žilinský,ZA
01205,Žilinský,ZA
01206,Žilinský,ZA
01207,Žilinský,ZA
01208,Žilinský,ZA
01209,Žilinský,ZA
01214,Žilinský,ZA
01215,Žilinský,ZA
01217,Žilinský,ZA
01219,Žilinský,ZA
01223,Žilinský,ZA
01225,Žilinský,ZA
01227,Žilinský,ZA
01228,Žilinský,ZA
01232,Žilinský,ZA
01235,Žilinský,ZA
01241,Žilinský,ZA
01245,Žilinský,ZA
01247,Žilinský,ZA
01251,Žilinský,ZA
01252,Žilinský,ZA
01253,Žilinský,ZA
01301,Žilinský,Žilina
01302,Žilinský,Žilina
01303,Žilinský,Žilina
01304,Žilinský,Žilina
01305,Žilinský,Žilina
01306,Žilinský,Žilina
01311,Žilinský,Žilina
01312,Žilinský,Žilina
01313,Žilinský,Žilina
01314,Žilinský,Žilina
01315,Žilinský,Žilina
01318,Žilinský,Žilina
01319,Žilinský,Žilina
01322,Žilinský,Žilina
01323,Žilinský,Žilina
01324,Žilinský,Žilina
01325,Žilinský,Žilina
01331,Žilinský,Žilina
01332,Žilinský,Žilina
01341,Žilinský,Žilina
01342,Žilinský,Žilina
01351,Žilinský,Bytča
01352,Žilinský,Bytča
01353,Žilinský,Bytča
01354,Žilinský,Bytča
01355,Žilinský,Bytča
01356,Žilinský,Bytča
01361,Žilinský,Bytča
01362,Žilinský,BY
01401,Žilinský,Bytča
01418,Žilinský,BY
01435,Žilinský,BY
01438,Žilinský,BY
01444,Žilinský,BY
01483,Žilinský,BY
01501,Žilinský,Žilina
01514,Žilinský,ZA
01521,Žilinský,ZA
01522,Žilinský,ZA
01526,Žilinský,ZA
01541,Žilinský,ZA
01701,Trenčiansky,Považská Bystrica
01704,Trenčiansky,Považská Bystrica
01705,Trenčiansky,Považská Bystrica
01706,Trenčiansky,Považská Bystrica
01707,Trenčiansky,Považská Bystrica
01713,Trenčiansky,PB
01721,Trenčiansky,PB
01723,Trenčiansky,PB
01726,Trenčiansky,PB
01733,Trenčiansky,PB
01734,Trenčiansky,PB
01736,Trenčiansky,PB
01739,Trenčiansky,PB
01746,Trenčiansky,PB
01753,Trenčiansky,PB
01780,Trenčiansky,PB
01801,Trenčiansky,Považská Bystrica
01802,Trenčiansky,Považská Bystrica
01803,Trenčiansky,Považská Bystrica
01812,Trenčiansky,Považská Bystrica
01813,Trenčiansky,Považská Bystrica
01815,Trenčiansky,Považská Bystrica
01816,Trenčiansky,Považská Bystrica
01817,Trenčiansky,Považská Bystrica
01821,Trenčiansky,Považská Bystrica
01822,Trenčiansky,Považská Bystrica
01826,Trenčiansky,Považská Bystrica
01831,Trenčiansky,Ilava
01832,Trenčiansky,Ilava
01835,Trenčiansky,Ilava
01841,Trenčiansky,Ilava
01850,Trenčiansky,IL
01851,Trenčiansky,Ilava
01852,Trenčiansky,Ilava
01853,Trenčiansky,Ilava
01854,Trenčiansky,Ilava
01855,Trenčiansky,Ilava
01856,Trenčiansky,Ilava
01857,Trenčiansky,Ilava
01861,Trenčiansky,Púchov
01863,Trenčiansky,Ilava
01864,Trenčiansky,Ilava
01901,Trenčiansky,Ilava
01917,Trenčiansky,IL
02001,Trenčiansky,Púchov
02018,Trenčiansky,PU
02025,Trenčiansky,PU
02032,Trenčiansky,PU
02039,Trenčiansky,PU
02051,Trenčiansky,Púchov
02052,Trenčiansky,Púchov
02053,Trenčiansky,Púchov
02054,Trenčiansky,Púchov
02055,Trenčiansky,Púchov
02061,Trenčiansky,Púchov
02062,Trenčiansky,Púchov
02063,Trenčiansky,Púchov
02064,Trenčiansky,Púchov
02071,Trenčiansky,Púchov
02072,Trenčiansky,Púchov
02201,Žilinský,Čadca
02204,Žilinský,Čadca
02216,Žilinský,CA
02221,Žilinský,CA
02227,Žilinský,CA
02247,Žilinský,CA
02274,Žilinský,CA
02301,Žilinský,Čadca
02302,Žilinský,Čadca
02303,Žilinský,Čadca
02304,Žilinský,Čadca
02305,Žilinský,Čadca
02311,Žilinský,Čadca
02312,Žilinský,Čadca
02313,Žilinský,Čadca
02314,Žilinský,Čadca
02321,Žilinský,Čadca
02322,Žilinský,Čadca
02331,Žilinský,Kysucké Nové Mesto
02332,Žilinský,Kysucké Nové Mesto
02333,Žilinský,Kysucké Nové Mesto
02334,Žilinský,Kysucké Nové Mesto
02335,Žilinský,Kysucké Nové Mesto
02336,Žilinský,Kysucké Nové Mesto
02341,Žilinský,Kysucké Nové Mesto
02342,Žilinský,KM
02343,Žilinský,KM
02344,Žilinský,KM
02345,Žilinský,Kysucké Nové Mesto
02351,Žilinský,Čadca
02352,Žilinský,Čadca
02353,Žilinský,CA
02354,Žilinský,Čadca
02355,Žilinský,Čadca
02356,Žilinský,Čadca
02357,Žilinský,Čadca
02401,Žilinský,Kysucké Nové Mesto
02404,Žilinský,Kysucké Nové Mesto
02441,Žilinský,KM
02601,Žilinský,Dolný Kubín
02612,Žilinský,DK
02614,Žilinský,DK
02617,Žilinský,DK
02619,Žilinský,DK
02621,Žilinský,DK
02624,Žilinský,DK
02625,Žilinský,DK
02626,Žilinský,DK
02627,Žilinský,DK
02680,Žilinský,DK
02705,Žilinský,Dolný Kubín
02712,Žilinský,Tvrdošín
02713,Žilinský,Tvrdošín
02721,Žilinský,DK
02732,Žilinský,Tvrdošín
02741,Žilinský,Dolný Kubín
02742,Žilinský,Tvrdošín
02743,Žilinský,Tvrdošín
02744,Žilinský,Tvrdošín
02751,Žilinský,DK
02753,Žilinský,Dolný Kubín
02754,Žilinský,Dolný Kubín
02755,Žilinský,Dolný Kubín
02801,Žilinský,Tvrdošín
02813,Žilinský,TS
02815,Žilinský,TS
02901,Žilinský,Námestovo
02913,Žilinský,NO
02915,Žilinský,NO
02917,Žilinský,NO
02921,Žilinský,NO
02941,Žilinský,Námestovo
02942,Žilinský,Námestovo
02943,Žilinský,Námestovo
02944,Žilinský,Námestovo
02945,Žilinský,Námestovo
02946,Žilinský,Námestovo
02947,Žilinský,Námestovo
02951,Žilinský,Námestovo
02952,Žilinský,Námestovo
02953,Žilinský,Námestovo
02954,Žilinský,Námestovo
02955,Žilinský,NO
02956,Žilinský,Námestovo
02957,Žilinský,Námestovo
02962,Žilinský,Námestovo
02963,Žilinský,Námestovo
02964,Žilinský,Námestovo
03101,Žilinský,Liptovský Mikuláš
03104,Žilinský,Liptovský Mikuláš
03105,Žilinský,Liptovský Mikuláš
03106,Žilinský,LM
03123,Žilinský,LM
03125,Žilinský,LM
03128,Žilinský,LM
03129,Žilinský,LM
03132,Žilinský,LM
03133,Žilinský,LM
03136,Žilinský,LM
03139,Žilinský,LM
03141,Žilinský,LM
03142,Žilinský,LM
03146,Žilinský,LM
03148,Žilinský,LM
03180,Žilinský,LM
03202,Žilinský,Liptovský Mikuláš
03203,Žilinský,Liptovský Mikuláš
03204,Žilinský,Liptovský Mikuláš
03205,Žilinský,Liptovský Mikuláš
03211,Žilinský,Liptovský Mikuláš
03212,Žilinský,Liptovský Mikuláš
03213,Žilinský,Liptovský Mikuláš
03214,Žilinský,Liptovský Mikuláš
03215,Žilinský,Liptovský Mikuláš
03221,Žilinský,Liptovský Mikuláš
03223,Žilinský,Liptovský Mikuláš
03231,Žilinský,LM
03232,Žilinský,LM
03233,Žilinský,Liptovský Mikuláš
03234,Žilinský,Liptovský Mikuláš
03242,Žilinský,Liptovský Mikuláš
03244,Žilinský,Liptovský Mikuláš
03261,Žilinský,Liptovský Mikuláš
03301,Žilinský,Liptovský Mikuláš
03311,Žilinský,LM
03312,Žilinský,LM
03314,Žilinský,LM
03315,Žilinský,LM
03317,Žilinský,LM
03319,Žilinský,LM
03401,Žilinský,Ružomberok
03403,Žilinský,Ružomberok
03405,Žilinský,RK
03406,Žilinský,Ružomberok
03416,Žilinský,RK
03417,Žilinský,RK
03426,Žilinský,RK
03450,Žilinský,RK
03453,Žilinský,RK
03471,Žilinský,Ružomberok
03472,Žilinský,Ružomberok
03473,Žilinský,Ružomberok
03474,Žilinský,Ružomberok
03481,Žilinský,Ružomberok
03482,Žilinský,Ružomberok
03483,Žilinský,Ružomberok
03484,Žilinský,Ružomberok
03491,Žilinský,Ružomberok
03492,Žilinský,Ružomberok
03495,Žilinský,Ružomberok
03496,Žilinský,Ružomberok
03601,Žilinský,Martin
03603,Žilinský,MT
03604,Žilinský,MT
03605,Žilinský,MT
03608,Žilinský,MT
03625,Žilinský,MT
03632,Žilinský,MT
03636,Žilinský,MT
03637,Žilinský,MT
03649,Žilinský,MT
03652,Žilinský,MT
03653,Žilinský,MT
03655,Žilinský,MT
03657,Žilinský,MT
03658,Žilinský,MT
03659,Žilinský,MT
03663,Žilinský,MT
03665,Žilinský,MT
03680,Žilinský,MT
03697,Žilinský,MT
03802,Žilinský,Martin
03803,Žilinský,Martin
03804,Žilinský,Martin
03811,Žilinský,Martin
03812,Žilinský,Martin
03815,Žilinský,Martin
03821,Žilinský,Turčianske Teplice
03822,Žilinský,Turčianske Teplice
03823,Žilinský,Turčianske Teplice
03831,Žilinský,Martin
03835,Žilinský,Martin
03840,Žilinský,Martin
03841,Žilinský,Martin
03842,Žilinský,Martin
03843,Žilinský,Martin
03844,Žilinský,Turčianske Teplice
03845,Žilinský,Turčianske Teplice
03846,Žilinský,Turčianske Teplice
03847,Žilinský,Turčianske Teplice
03848,Žilinský,Turčianske Teplice
03851,Žilinský,Martin
03852,Žilinský,Martin
03853,Žilinský,Martin
03854,Žilinský,Martin
03861,Žilinský,Martin
03901,Žilinský,Turčianske Teplice
03912,Žilinský,TR
03914,Žilinský,TR
03917,Žilinský,TR
03919,Žilinský,TR
03946,Žilinský,TR
04001,Trenčiansky,Prievidza
04002,Košický,K1
04003,Košický,K4
04007,Košický,K4
04008,Košický,K1
04011,Trenčiansky,Prievidza
04012,Trenčiansky,Prievidza
04013,Trenčiansky,Prievidza
04014,Trenčiansky,Prievidza
04015,Košický,Košice - okolie
04016,Košický,Košice - okolie
04017,Trenčiansky,Prievidza
04018,Košický,Košice - okolie
04019,Košický,K1
04022,Trenčiansky,Prievidza
04023,Trenčiansky,Prievidza
04031,Košický,K1
04032,Košický,K1
04034,Košický,K1
04039,Košický,K1
04041,Košický,K1
04042,Košický,K1
04045,Košický,K1
04046,Košický,K1
04050,Košický,K1
04053,Košický,K1
04055,Košický,K1
04057,Košický,K1
04058,Košický,K1
04059,Košický,K1
04060,Košický,K1
04064,Košický,K1
04065,Košický,K1
04066,Košický,K1
04073,Košický,K1
04074,Košický,K1
04075,Košický,K1
04077,Košický,K1
04079,Košický,K1
04081,Košický,K1
04082,Košický,K1
04083,Košický,K1
04085,Košický,K1
04087,Košický,K1
04089,Košický,K1
04100,Košický,K1
04102,Košický,K1
04103,Košický,K1
04105,Košický,K1
04107,Košický,K1
04108,Košický,K1
04109,Košický,K1
04110,Košický,K1
04111,Košický,K1
04112,Košický,K1
04114,Košický,K1
04115,Košický,K1
04117,Košický,K1
04118,Košický,K1
04119,Košický,K1
04120,Košický,K1
04121,Košický,K1
04122,Košický,K1
04123,Košický,K1
04124,Košický,K1
04125,Košický,K1
04126,Košický,K1
04127,Košický,K1
04128,Košický,K1
04130,Košický,K1
04134,Košický,K1
04137,Košický,K1
04139,Košický,K1
04140,Košický,K1
04141,Košický,K1
04142,Košický,K1
04145,Košický,K1
04147,Košický,K1
04148,Košický,K1
04149,Košický,K1
04150,Košický,K1
04152,Košický,K1
04153,Košický,K1
04154,Košický,K1
04155,Košický,K1
04156,Košický,K1
04158,Košický,K1
04160,Košický,K1
04161,Košický,K1
04162,Košický,K1
04163,Košický,K1
04167,Košický,K1
04168,Košický,K1
04170,Košický,K1
04171,Košický,K1
04174,Košický,K1
04175,Košický,K4
04176,Košický,K1
04178,Košický,K1
04179,Košický,K1
04180,Košický,K1
04181,Košický,K1
04182,Košický,K1
04183,Košický,K1
04185,Košický,K1
04186,Košický,K1
04189,Košický,K1
04192,Košický,K1
04193,Košický,K1
04196,Košický,K1
04197,Košický,K1
04200,Košický,K1
04202,Košický,K1
04203,Košický,K1
04204,Košický,K1
04205,Košický,K1
04207,Košický,K1
04208,Košický,K1
04209,Košický,K1
04211,Košický,K1
04212,Košický,K1
04213,Košický,K1
04214,Košický,K1
04215,Košický,K1
04218,Košický,K1
04219,Košický,K1
04220,Košický,K1
04223,Košický,K1
04224,Košický,K1
04226,Košický,K1
04227,Košický,K1
04229,Košický,K1
04233,Košický,K1
04234,Košický,K1
04235,Košický,K1
04239,Košický,K1
04240,Košický,K1
04241,Košický,K1
04242,Košický,K1
04244,Košický,K1
04246,Košický,K1
04248,Košický,K1
04249,Košický,K1
04252,Košický,K1
04253,Košický,K1
04254,Košický,K1
04255,Košický,K1
04260,Košický,K1
04261,Košický,K1
04264,Košický,K1
04265,Košický,K1
04271,Košický,K1
04272,Košický,K1
04273,Košický,K1
04274,Košický,K1
04277,Košický,K1
04281,Košický,K1
04282,Košický,K1
04284,Košický,K1
04286,Košický,K1
04287,Košický,K1
04288,Košický,K1
04289,Košický,K1
04290,Košický,K1
04292,Košický,K1
04295,Košický,K1
04296,Košický,K1
04297,Košický,K1
04299,Košický,K1
04300,Košický,K1
04301,Košický,K1
04304,Košický,K1
04305,Košický,K1
04306,Košický,K1
04307,Košický,K1
04309,Košický,K1
04310,Košický,K1
04314,Košický,K1
04315,Košický,K1
04317,Košický,K1
04319,Košický,K1
04320,Košický,K1
04322,Košický,K1
04326,Košický,K1
04327,Košický,K1
04328,Košický,K1
04329,Košický,K1
04332,Košický,K1
04337,Košický,K1
04338,Košický,K1
04339,Košický,K1
04340,Košický,K1
04341,Košický,K1
04343,Košický,K1
04347,Košický,K1
04349,Košický,K1
04351,Košický,K1
04352,Košický,K1
04356,Košický,K1
04357,Košický,K1
04358,Košický,K1
04360,Košický,K1
04365,Košický,K1
04366,Košický,K1
04369,Košický,K1
04370,Košický,K1
04372,Košický,K1
04373,Košický,K1
04374,Košický,K1
04375,Košický,K1
04376,Košický,K1
04377,Košický,K1
04378,Košický,K1
04379,Košický,K1
04386,Košický,K1
04389,Košický,K1
04390,Košický,K1
04391,Košický,K1
04393,Košický,K1
04395,Košický,K1
04396,Košický,K1
04398,Košický,K1
04401,Košický,Košice - okolie
04402,Košický,Košice - okolie
04405,Košický,Košice - okolie
04410,Košický,Košice - okolie
04411,Košický,Košice - okolie
04412,Košický,Košice - okolie
04413,Košický,Košice - okolie
04414,Košický,Košice - okolie
04415,Košický,Košice - okolie
04416,Košický,Košice - okolie
04417,Košický,Košice - okolie
04418,Košický,Košice - okolie
04419,Košický,Košice - okolie
04420,Košický,Košice - okolie
04421,Košický,Košice - okolie
04423,Košický,Košice - okolie
04424,Košický,Košice - okolie
04425,Košický,Košice - okolie
04426,Košický,Košice - okolie
04431,Košický,Košice - okolie
04441,Košický,Košice - okolie
04442,Košický,Košice - okolie
04443,Košický,Košice - okolie
04444,Košický,Košice - okolie
04445,Košický,Košice - okolie
04447,Košický,Košice - okolie
04455,Košický,Košice - okolie
04457,Košický,Košice - okolie
04458,Košický,Košice - okolie
04461,Košický,Košice - okolie
04465,Košický,Košice - okolie
04471,Košický,Košice - okolie
04473,Košický,Košice - okolie
04474,Košický,Košice - okolie
04481,Košický,Košice - okolie
04501,Košický,Košice - okolie
04523,Košický,KS
04552,Košický,KS
04801,Košický,Rožňava
04815,Košický,RV
04820,Košický,RV
04840,Košický,RV
04880,Košický,RV
04901,Banskobystrický,Revúca
04902,Banskobystrický,RA
04911,Košický,Rožňava
04912,Košický,Rožňava
04913,Banskobystrický,Revúca
04914,Banskobystrický,Revúca
04916,Banskobystrický,Revúca
04918,Banskobystrický,Revúca
04921,Košický,Rožňava
04922,Košický,Rožňava
04923,Košický,Rožňava
04924,Košický,Rožňava
04925,Košický,Rožňava
04926,Košický,Rožňava
04931,Košický,Rožňava
04932,Košický,Rožňava
04934,Košický,Rožňava
04935,Košický,Rožňava
04936,Košický,Rožňava
04941,Košický,Rožňava
04942,Košický,Rožňava
04943,Košický,Rožňava
04944,Košický,Rožňava
04945,Košický,Rožňava
04951,Košický,Rožňava
04952,Košický,Rožňava
04955,Košický,Rožňava
04961,Banskobystrický,Revúca
04962,Banskobystrický,Revúca
04964,Banskobystrický,Revúca
04971,Košický,Rožňava
04973,Košický,Rožňava
05001,Banskobystrický,Revúca
05062,Banskobystrický,RA
05080,Banskobystrický,RA
05201,Košický,Spišská Nová Ves
05205,Košický,Spišská Nová Ves
05206,Košický,SN
05219,Košický,SN
05220,Košický,SN
05221,Košický,SN
05224,Košický,SN
05226,Košický,SN
05251,Košický,SN
05263,Košický,SN
05270,Košický,SN
05273,Košický,SN
05275,Košický,SN
05280,Košický,SN
05301,Košický,Spišská Nová Ves
05302,Prešovský,Levoča
05303,Prešovský,Levoča
05304,Prešovský,Levoča
05305,Prešovský,Levoča
05306,Prešovský,Levoča
05311,Košický,Spišská Nová Ves
05313,Košický,Spišská Nová Ves
05314,Prešovský,Levoča
05315,Košický,Spišská Nová Ves
05321,Košický,Spišská Nová Ves
05322,Košický,Spišská Nová Ves
05323,Košický,Spišská Nová Ves
05331,Košický,Spišská Nová Ves
05332,Košický,Spišská Nová Ves
05333,Košický,Gelnica
05334,Košický,Gelnica
05340,Košický,Spišská Nová Ves
05342,Košický,Spišská Nová Ves
05351,Košický,Gelnica
05361,Košický,Spišská Nová Ves
05362,Košický,Spišská Nová Ves
05363,Košický,Spišská Nová Ves
05371,Prešovský,Levoča
05373,Prešovský,Levoča
05375,Košický,Spišská Nová Ves
05376,Košický,Spišská Nová Ves
05401,Prešovský,Levoča
05411,Prešovský,LE
05413,Prešovský,LE
05427,Prešovský,LE
05428,Prešovský,LE
05429,Prešovský,LE
05445,Prešovský,LE
05450,Prešovský,LE
05465,Prešovský,LE
05467,Prešovský,LE
05468,Prešovský,LE
05470,Prešovský,LE
05501,Košický,Gelnica
05551,Košický,Gelnica
05552,Košický,Gelnica
05561,Košický,Gelnica
05562,Košický,Gelnica
05563,Košický,Gelnica
05564,Košický,Gelnica
05565,Košický,Gelnica
05566,Košický,Gelnica
05571,Košický,Gelnica
05601,Košický,Gelnica
05801,Prešovský,Poprad
05802,Prešovský,PP
05809,Prešovský,PP
05827,Prešovský,PP
05844,Prešovský,PP
05845,Prešovský,PP
05852,Prešovský,PP
05889,Prešovský,PP
05901,Prešovský,Kežmarok
05902,Prešovský,Kežmarok
05904,Prešovský,Kežmarok
05906,Prešovský,Kežmarok
05907,Prešovský,Kežmarok
05911,Prešovský,Poprad
05912,Prešovský,Poprad
05913,Prešovský,Poprad
05914,Prešovský,Poprad
05916,Prešovský,Poprad
05917,Prešovský,Poprad
05918,Prešovský,Poprad
05919,Prešovský,Poprad
05921,Prešovský,Poprad
05931,Prešovský,PP
05934,Prešovský,Poprad
05935,Prešovský,Poprad
05936,Prešovský,Poprad
05937,Prešovský,Poprad
05938,Prešovský,Poprad
05939,Prešovský,Poprad
05940,Prešovský,Poprad
05941,Prešovský,Poprad
05942,Prešovský,Poprad
05951,Prešovský,Poprad
05952,Prešovský,Kežmarok
05955,Prešovský,Poprad
05956,Prešovský,Poprad
05960,Prešovský,PP
05971,Prešovský,Kežmarok
05972,Prešovský,Kežmarok
05973,Prešovský,Kežmarok
05976,Prešovský,Kežmarok
05978,Prešovský,Kežmarok
05979,Prešovský,Kežmarok
05981,Prešovský,PP
05984,Prešovský,PP
05985,Prešovský,Poprad
05986,Prešovský,Poprad
05991,Prešovský,Poprad
05992,Prešovský,Kežmarok
05993,Prešovský,Kežmarok
05994,Prešovský,Kežmarok
05995,Prešovský,Kežmarok
06001,Prešovský,Kežmarok
06026,Prešovský,KK
06042,Prešovský,KK
06101,Prešovský,Kežmarok
06201,Prešovský,PP
06401,Prešovský,Stará Ľubovňa
06427,Prešovský,SL
06429,Prešovský,SL
06501,Prešovský,Stará Ľubovňa
06502,Prešovský,Stará Ľubovňa
06503,Prešovský,Stará Ľubovňa
06511,Prešovský,Stará Ľubovňa
06512,Prešovský,Stará Ľubovňa
06522,Prešovský,Stará Ľubovňa
06531,Prešovský,Stará Ľubovňa
06532,Prešovský,Stará Ľubovňa
06533,Prešovský,Stará Ľubovňa
06534,Prešovský,Stará Ľubovňa
06541,Prešovský,Stará Ľubovňa
06542,Prešovský,Stará Ľubovňa
06543,Prešovský,Stará Ľubovňa
06544,Prešovský,Stará Ľubovňa
06545,Prešovský,Stará Ľubovňa
06546,Prešovský,Stará Ľubovňa
06548,Prešovský,Stará Ľubovňa
06601,Prešovský,Humenné
06602,Prešovský,HE
06618,Prešovský,HE
06622,Prešovský,HE
06623,Prešovský,HE
06624,Prešovský,HE
06628,Prešovský,HE
06631,Prešovský,HE
06633,Prešovský,HE
06634,Prešovský,HE
06639,Prešovský,HE
06642,Prešovský,HE
06643,Prešovský,HE
06644,Prešovský,HE
06654,Prešovský,HE
06657,Prešovský,HE
06658,Prešovský,HE
06701,Prešovský,Medzilaborce
06702,Prešovský,Medzilaborce
06704,Prešovský,Medzilaborce
06711,Prešovský,Humenné
06712,Prešovský,Humenné
06713,Prešovský,Humenné
06716,Prešovský,Medzilaborce
06722,Prešovský,Humenné
06723,Prešovský,Humenné
06724,Prešovský,Humenné
06731,Prešovský,Humenné
06732,Prešovský,Humenné
06733,Prešovský,Humenné
06734,Prešovský,Humenné
06735,Prešovský,Snina
06741,Prešovský,Humenné
06745,Prešovský,Humenné
06752,Prešovský,Medzilaborce
06761,Prešovský,Snina
06765,Prešovský,Snina
06766,Prešovský,Snina
06767,Prešovský,Snina
06768,Prešovský,Snina
06772,Prešovský,Snina
06773,Prešovský,Snina
06777,Prešovský,Snina
06781,Prešovský,Snina
06782,Prešovský,Snina
06783,Prešovský,Humenné
06801,Prešovský,Medzilaborce
06901,Prešovský,Snina
06917,Prešovský,SV
06919,Prešovský,SV
06923,Prešovský,SV
06927,Prešovský,SV
06929,Prešovský,SV
06934,Prešovský,SV
06936,Prešovský,SV
06944,Prešovský,SV
06950,Prešovský,SV
07101,Košický,Michalovce
07103,Košický,MI
07120,Košický,MI
07121,Košický,MI
07155,Košický,MI
07156,Košický,MI
07160,Košický,MI
07174,Košický,MI
07180,Košický,MI
07184,Košický,MI
07201,Košický,Michalovce
07202,Košický,Michalovce
07203,Košický,Michalovce
07204,Košický,Michalovce
07205,Košický,Michalovce
07206,Košický,Michalovce
07211,Košický,Michalovce
07213,Košický,Michalovce
07214,Košický,Michalovce
07215,Košický,Michalovce
07216,Košický,Michalovce
07217,Košický,Michalovce
07221,Košický,Michalovce
07222,Košický,Michalovce
07223,Košický,Michalovce
07231,Košický,Michalovce
07232,Košický,Michalovce
07233,Košický,Sobrance
07234,Košický,Michalovce
07236,Košický,Michalovce
07237,Košický,Michalovce
07241,Košický,Sobrance
07242,Košický,Sobrance
07243,Košický,Sobrance
07244,Košický,Sobrance
07251,Košický,Sobrance
07252,Košický,Sobrance
07253,Košický,Sobrance
07254,Košický,Michalovce
07255,Košický,Sobrance
07261,Košický,Sobrance
07262,Košický,Sobrance
07263,Košický,Sobrance
07264,Košický,Sobrance
07301,Košický,Sobrance
07342,Košický,SO
07501,Košický,Trebišov
07503,Košický,TV
07512,Košický,TV
07515,Košický,TV
07516,Košický,TV
07517,Košický,TV
07518,Košický,TV
07519,Košický,TV
07520,Košický,TV
07521,Košický,TV
07522,Košický,TV
07523,Košický,TV
07525,Košický,TV
07526,Košický,TV
07527,Košický,TV
07529,Košický,TV
07531,Košický,TV
07532,Košický,TV
07534,Košický,TV
07539,Košický,TV
07540,Košický,TV
07542,Košický,TV
07543,Košický,TV
07544,Košický,TV
07545,Košický,TV
07546,Košický,TV
07548,Košický,TV
07549,Košický,TV
07552,Košický,TV
07553,Košický,TV
07554,Košický,TV
07555,Košický,TV
07557,Košický,TV
07558,Košický,TV
07560,Košický,TV
07561,Košický,TV
07562,Košický,TV
07563,Košický,TV
07564,Košický,TV
07566,Košický,TV
07567,Košický,TV
07568,Košický,TV
07571,Košický,TV
07572,Košický,TV
07573,Košický,TV
07574,Košický,TV
07575,Košický,TV
07576,Košický,TV
07577,Košický,TV
07578,Košický,TV
07579,Košický,TV
07580,Košický,TV
07581,Košický,TV
07582,Košický,TV
07585,Košický,TV
07588,Košický,TV
07589,Košický,TV
07590,Košický,TV
07593,Košický,TV
07594,Košický,TV
07595,Košický,TV
07601,Košický,Trebišov
07602,Košický,Trebišov
07603,Košický,Trebišov
07605,Košický,Trebišov
07612,Košický,Trebišov
07613,Košický,Trebišov
07614,Košický,Trebišov
07615,Košický,Trebišov
07616,Košický,Trebišov
07617,Košický,Trebišov
07622,Košický,Trebišov
07631,Košický,Trebišov
07632,Košický,Trebišov
07633,Košický,Trebišov
07634,Košický,Trebišov
07635,Košický,Trebišov
07636,Košický,Trebišov
07637,Košický,Trebišov
07641,Košický,Trebišov
07642,Košický,Trebišov
07643,Košický,Trebišov
07651,Košický,Trebišov
07652,Košický,Trebišov
07653,Košický,Trebišov
07661,Košický,Trebišov
07662,Košický,Trebišov
07664,Košický,TV
07671,Košický,Michalovce
07672,Košický,Michalovce
07674,Košický,Michalovce
07675,Košický,Michalovce
07677,Košický,Michalovce
07681,Košický,Trebišov
07682,Košický,Trebišov
07683,Košický,Trebišov
07684,Košický,Trebišov
07701,Košický,Trebišov
07713,Košický,TV
07715,Košický,TV
07717,Košický,TV
07721,Košický,TV
07726,Košický,TV
07729,Košický,TV
07732,Košický,TV
07733,Košický,TV
07735,Košický,TV
07737,Košický,TV
07738,Košický,TV
07739,Košický,TV
07741,Košický,TV
07744,Košický,TV
07753,Košický,TV
07754,Košický,TV
07755,Košický,TV
07761,Košický,TV
07767,Košický,TV
07768,Košický,TV
07774,Košický,TV
07781,Košický,TV
07801,Košický,Trebišov
07901,Košický,Michalovce
08001,Prešovský,Prešov
08002,Prešovský,PO
08005,Prešovský,Prešov
08006,Prešovský,Prešov
08007,Prešovský,PO
08009,Prešovský,PO
08016,Prešovský,PO
08020,Prešovský,PO
08021,Prešovský,PO
08026,Prešovský,PO
08028,Prešovský,PO
08042,Prešovský,PO
08055,Prešovský,PO
08085,Prešovský,PO
08106,Prešovský,PO
08108,Prešovský,PO
08111,Prešovský,PO
08113,Prešovský,PO
08127,Prešovský,PO
08135,Prešovský,PO
08150,Prešovský,PO
08154,Prešovský,PO
08159,Prešovský,PO
08160,Prešovský,PO
08170,Prešovský,PO
08173,Prešovský,PO
08177,Prešovský,PO
08178,Prešovský,PO
08181,Prešovský,PO
08184,Prešovský,PO
08186,Prešovský,PO
08189,Prešovský,PO
08201,Prešovský,Prešov
08203,Prešovský,Prešov
08204,Prešovský,Prešov
08205,Prešovský,Prešov
08206,Prešovský,Prešov
08207,Prešovský,Prešov
08212,Prešovský,Prešov
08213,Prešovský,Prešov
08214,Prešovský,Prešov
08215,Prešovský,Prešov
08216,Prešovský,Prešov
08221,Prešovský,Prešov
08222,Prešovský,Sabinov
08232,Prešovský,Prešov
08233,Prešovský,Prešov
08235,Prešovský,Prešov
08236,Prešovský,Prešov
08237,Prešovský,Prešov
08238,Prešovský,Prešov
08241,Prešovský,Prešov
08242,Prešovský,Prešov
08243,Prešovský,Prešov
08244,Prešovský,Prešov
08252,Prešovský,Prešov
08253,Prešovský,Prešov
08256,Prešovský,Sabinov
08257,Prešovský,Sabinov
08261,Prešovský,Sabinov
08263,Prešovský,Sabinov
08266,Prešovský,Sabinov
08267,Prešovský,Prešov
08271,Prešovský,Sabinov
08273,Prešovský,Sabinov
08274,Prešovský,Sabinov
08275,Prešovský,Sabinov
08276,Prešovský,Sabinov
08301,Prešovský,Sabinov
08314,Prešovský,SB
08317,Prešovský,SB
08318,Prešovský,SB
08330,Prešovský,SB
08501,Prešovský,Bardejov
08503,Prešovský,BJ
08506,Prešovský,BJ
08519,Prešovský,BJ
08520,Prešovský,BJ
08524,Prešovský,BJ
08536,Prešovský,BJ
08542,Prešovský,BJ
08546,Prešovský,BJ
08550,Prešovský,BJ
08564,Prešovský,BJ
08567,Prešovský,BJ
08569,Prešovský,BJ
08570,Prešovský,BJ
08571,Prešovský,BJ
08573,Prešovský,BJ
08575,Prešovský,BJ
08576,Prešovský,BJ
08587,Prešovský,BJ
08588,Prešovský,BJ
08601,Prešovský,Bardejov
08602,Prešovský,Bardejov
08604,Prešovský,Bardejov
08605,Prešovský,Bardejov
08606,Prešovský,Bardejov
08611,Prešovský,Bardejov
08612,Prešovský,Bardejov
08614,Prešovský,Bardejov
08621,Prešovský,Bardejov
08622,Prešovský,Bardejov
08631,Prešovský,Bardejov
08633,Prešovský,Bardejov
08635,Prešovský,Bardejov
08636,Prešovský,Bardejov
08637,Prešovský,Bardejov
08641,Prešovský,Bardejov
08642,Prešovský,Bardejov
08643,Prešovský,Bardejov
08644,Prešovský,Svidník
08645,Prešovský,Bardejov
08646,Prešovský,Bardejov
08701,Prešovský,Bardejov
08901,Prešovský,Svidník
08913,Prešovský,SK
08924,Prešovský,SK
08980,Prešovský,SK
09001,Prešovský,Svidník
09002,Prešovský,Svidník
09003,Prešovský,Svidník
09005,Prešovský,Svidník
09011,Prešovský,Svidník
09016,Prešovský,Svidník
09021,Prešovský,Stropkov
09022,Prešovský,Stropkov
09023,Prešovský,Stropkov
09024,Prešovský,Stropkov
09031,Prešovský,Stropkov
09032,Prešovský,Stropkov
09033,Prešovský,Stropkov
09034,Prešovský,Stropkov
09041,Prešovský,Svidník
09042,Prešovský,Svidník
09101,Prešovský,Stropkov
09112,Prešovský,SP
09180,Prešovský,SP
09301,Prešovský,Vranov nad Topľou
09302,Prešovský,Vranov nad Topľou
09303,Prešovský,Vranov nad Topľou
09311,Prešovský,VT
09312,Prešovský,VT
09315,Prešovský,VT
09316,Prešovský,VT
09317,Prešovský,VT
09318,Prešovský,VT
09319,Prešovský,VT
09321,Prešovský,VT
09322,Prešovský,VT
09324,Prešovský,VT
09327,Prešovský,VT
09328,Prešovský,VT
09330,Prešovský,VT
09332,Prešovský,VT
09336,Prešovský,VT
09337,Prešovský,VT
09340,Prešovský,VT
09341,Prešovský,VT
09342,Prešovský,VT
09343,Prešovský,VT
09345,Prešovský,VT
09346,Prešovský,VT
09349,Prešovský,VT
09351,Prešovský,VT
09360,Prešovský,VT
09401,Prešovský,Vranov nad Topľou
09402,Prešovský,Vranov nad Topľou
09403,Prešovský,Vranov nad Topľou
09404,Prešovský,Vranov nad Topľou
09405,Prešovský,Vranov nad Topľou
09406,Prešovský,Vranov nad Topľou
09407,Prešovský,Humenné
09408,Prešovský,Humenné
09409,Prešovský,Vranov nad Topľou
09412,Prešovský,Vranov nad Topľou
09413,Prešovský,Vranov nad Topľou
09414,Prešovský,Vranov nad Topľou
09415,Prešovský,Vranov nad Topľou
09421,Prešovský,Vranov nad Topľou
09422,Prešovský,Vranov nad Topľou
09423,Prešovský,Vranov nad Topľou
09431,Prešovský,Vranov nad Topľou
09433,Prešovský,Vranov nad Topľou
09434,Prešovský,Vranov nad Topľou
09435,Prešovský,Vranov nad Topľou
80080,Bratislavský,B3
80090,Bratislavský,B3
81000,Bratislavský,B1
81002,Bratislavský,B3
81004,Bratislavský,B1
81005,Bratislavský,B1
81008,Bratislavský,B1
81101,Bratislavský,Bratislava I
81102,Bratislavský,Bratislava I
81103,Bratislavský,Bratislava I
81104,Bratislavský,Bratislava I
81105,Bratislavský,Bratislava I
81106,Bratislavský,Bratislava I
81107,Bratislavský,Bratislava I
81108,Bratislavský,Bratislava I
81109,Bratislavský,Bratislava I
81201,Bratislavský,B1
81202,Bratislavský,B1
81203,Bratislavský,B1
81204,Bratislavský,B1
81205,Bratislavský,B1
81206,Bratislavský,B1
81207,Bratislavský,B1
81208,Bratislavský,B1
81209,Bratislavský,B1
81210,Bratislavský,B1
81211,Bratislavský,B1
81212,Bratislavský,B1
81213,Bratislavský,B1
81214,Bratislavský,B1
81215,Bratislavský,B1
81216,Bratislavský,B1
81217,Bratislavský,B1
81218,Bratislavský,B1
81219,Bratislavský,B1
81220,Bratislavský,B1
81221,Bratislavský,B1
81222,Bratislavský,B1
81223,Bratislavský,B1
81224,Bratislavský,B1
81225,Bratislavský,B1
81226,Bratislavský,B1
81227,Bratislavský,B1
81228,Bratislavský,B1
81229,Bratislavský,B1
81230,Bratislavský,B1
81231,Bratislavský,B1
81232,Bratislavský,B1
81233,Bratislavský,B1
81234,Bratislavský,B1
81235,Bratislavský,B1
81236,Bratislavský,B1
81237,Bratislavský,B1
81238,Bratislavský,B1
81239,Bratislavský,B1
81241,Bratislavský,B1
81242,Bratislavský,B1
81243,Bratislavský,B1
81244,Bratislavský,B1
81245,Bratislavský,B1
81246,Bratislavský,B1
81247,Bratislavský,B1
81248,Bratislavský,B1
81249,Bratislavský,B1
81250,Bratislavský,B1
81251,Bratislavský,B1
81252,Bratislavský,B1
81253,Bratislavský,B1
81254,Bratislavský,B1
81255,Bratislavský,B1
81256,Bratislavský,B1
81257,Bratislavský,B1
81258,Bratislavský,B1
81259,Bratislavský,B1
81260,Bratislavský,B1
81261,Bratislavský,B1
81262,Bratislavský,B1
81263,Bratislavský,B1
81264,Bratislavský,B1
81265,Bratislavský,B1
81266,Bratislavský,B1
81267,Bratislavský,B1
81268,Bratislavský,B1
81269,Bratislavský,B1
81270,Bratislavský,B1
81271,Bratislavský,B1
81272,Bratislavský,B1
81273,Bratislavský,B1
81274,Bratislavský,B1
81275,Bratislavský,B1
81276,Bratislavský,B1
81277,Bratislavský,B1
81278,Bratislavský,B1
81279,Bratislavský,B1
81280,Bratislavský,B1
81281,Bratislavský,B1
81282,Bratislavský,B1
81283,Bratislavský,B1
81284,Bratislavský,B1
81285,Bratislavský,B1
81286,Bratislavský,B1
81287,Bratislavský,B1
81288,Bratislavský,B1
81289,Bratislavský,B1
81290,Bratislavský,B1
81291,Bratislavský,B1
81292,Bratislavský,B1
81293,Bratislavský,B1
81294,Bratislavský,B1
81295,Bratislavský,B1
81296,Bratislavský,B1
81301,Bratislavský,B1
81302,Bratislavský,B1
81303,Bratislavský,B1
81304,Bratislavský,B1
81305,Bratislavský,B1
81306,Bratislavský,B1
81307,Bratislavský,B1
81308,Bratislavský,B1
81309,Bratislavský,B1
81310,Bratislavský,B1
81311,Bratislavský,B1
81312,Bratislavský,B1
81313,Bratislavský,B1
81314,Bratislavský,B1
81315,Bratislavský,B1
81316,Bratislavský,B1
81317,Bratislavský,B1
81318,Bratislavský,B1
81319,Bratislavský,B1
81320,Bratislavský,B1
81321,Bratislavský,B1
81322,Bratislavský,B1
81323,Bratislavský,B1
81325,Bratislavský,B1
81327,Bratislavský,B1
81328,Bratislavský,B1
81330,Bratislavský,B1
81331,Bratislavský,B1
81332,Bratislavský,B1
81333,Bratislavský,B1
81334,Bratislavský,B1
81335,Bratislavský,B1
81336,Bratislavský,B1
81337,Bratislavský,B1
81338,Bratislavský,B1
81339,Bratislavský,B1
81340,Bratislavský,B1
81341,Bratislavský,B1
81342,Bratislavský,B1
81343,Bratislavský,B1
81344,Bratislavský,B1
81345,Bratislavský,B1
81346,Bratislavský,B1
81347,Bratislavský,B1
81348,Bratislavský,B1
81349,Bratislavský,B1
81350,Bratislavský,B1
81351,Bratislavský,B1
81352,Bratislavský,B1
81353,Bratislavský,B1
81354,Bratislavský,B1
81355,Bratislavský,B1
81356,Bratislavský,B1
81357,Bratislavský,B1
81358,Bratislavský,B1
81359,Bratislavský,B1
81360,Bratislavský,B1
81361,Bratislavský,B1
81362,Bratislavský,B1
81363,Bratislavský,B1
81364,Bratislavský,B1
81365,Bratislavský,B1
81366,Bratislavský,B1
81367,Bratislavský,B1
81368,Bratislavský,B1
81369,Bratislavský,B1
81370,Bratislavský,B1
81371,Bratislavský,B1
81372,Bratislavský,B1
81373,Bratislavský,B1
81374,Bratislavský,B1
81375,Bratislavský,B1
81376,Bratislavský,B1
81377,Bratislavský,B1
81378,Bratislavský,B1
81379,Bratislavský,B1
81380,Bratislavský,B1
81381,Bratislavský,B1
81382,Bratislavský,B1
81383,Bratislavský,B1
81384,Bratislavský,B1
81385,Bratislavský,B1
81386,Bratislavský,B1
81387,Bratislavský,B1
81388,Bratislavský,B1
81392,Bratislavský,B1
81394,Bratislavský,B1
81395,Bratislavský,B1
81396,Bratislavský,B1
81400,Bratislavský,B1
81401,Bratislavský,B1
81402,Bratislavský,B1
81403,Bratislavský,B1
81404,Bratislavský,B1
81405,Bratislavský,B1
81406,Bratislavský,B1
81407,Bratislavský,B1
81408,Bratislavský,B1
81409,Bratislavský,B1
81410,Bratislavský,B1
81411,Bratislavský,B1
81412,Bratislavský,B1
81413,Bratislavský,B1
81414,Bratislavský,B1
81415,Bratislavský,B1
81416,Bratislavský,B1
81417,Bratislavský,B1
81418,Bratislavský,B1
81419,Bratislavský,B1
81420,Bratislavský,B1
81421,Bratislavský,B1
81422,Bratislavský,B1
81423,Bratislavský,B1
81424,Bratislavský,B1
81425,Bratislavský,B1
81426,Bratislavský,B1
81427,Bratislavský,B1
81428,Bratislavský,B1
81429,Bratislavský,B1
81430,Bratislavský,B1
81431,Bratislavský,B1
81432,Bratislavský,B1
81433,Bratislavský,B1
81434,Bratislavský,B1
81435,Bratislavský,B1
81436,Bratislavský,B1
81437,Bratislavský,B1
81438,Bratislavský,B1
81439,Bratislavský,B1
81440,Bratislavský,B1
81441,Bratislavský,B1
81442,Bratislavský,B1
81444,Bratislavský,B1
81445,Bratislavský,B1
81446,Bratislavský,B1
81447,Bratislavský,B1
81448,Bratislavský,B1
81449,Bratislavský,B1
81450,Bratislavský,B1
81451,Bratislavský,B1
81452,Bratislavský,B1
81453,Bratislavský,B1
81454,Bratislavský,B1
81455,Bratislavský,B1
81456,Bratislavský,B1
81457,Bratislavský,B1
81458,Bratislavský,B1
81459,Bratislavský,B1
81460,Bratislavský,B1
81461,Bratislavský,B1
81462,Bratislavský,B1
81463,Bratislavský,B1
81464,Bratislavský,B1
81465,Bratislavský,B1
81466,Bratislavský,B1
81467,Bratislavský,B1
81468,Bratislavský,B1
81469,Bratislavský,B1
81470,Bratislavský,B1
81471,Bratislavský,B1
81472,Bratislavský,B1
81473,Bratislavský,B1
81474,Bratislavský,B1
81475,Bratislavský,B1
81477,Bratislavský,B1
81478,Bratislavský,B1
81479,Bratislavský,B1
81480,Bratislavský,B1
81481,Bratislavský,B1
81482,Bratislavský,B1
81483,Bratislavský,B1
81484,Bratislavský,B1
81485,Bratislavský,B1
81486,Bratislavský,B1
81487,Bratislavský,B1
81488,Bratislavský,B1
81490,Bratislavský,B1
81491,Bratislavský,B1
81492,Bratislavský,B1
81493,Bratislavský,B1
81494,Bratislavský,B1
81495,Bratislavský,B1
81496,Bratislavský,B1
81499,Bratislavský,B1
81501,Bratislavský,B1
81502,Bratislavský,B1
81503,Bratislavský,B1
81504,Bratislavský,B1
81505,Bratislavský,B1
81506,Bratislavský,B1
81507,Bratislavský,B1
81508,Bratislavský,B1
81509,Bratislavský,B1
81510,Bratislavský,B1
81511,Bratislavský,B1
81512,Bratislavský,B1
81513,Bratislavský,B1
81514,Bratislavský,B1
81515,Bratislavský,B1
81516,Bratislavský,B1
81517,Bratislavský,B1
81518,Bratislavský,B1
81519,Bratislavský,B1
81520,Bratislavský,B1
81521,Bratislavský,B1
81522,Bratislavský,B1
81523,Bratislavský,B1
81524,Bratislavský,B1
81525,Bratislavský,B1
81526,Bratislavský,B1
81527,Bratislavský,B1
81528,Bratislavský,B1
81529,Bratislavský,B1
81530,Bratislavský,B1
81531,Bratislavský,B1
81532,Bratislavský,B1
81533,Bratislavský,B1
81534,Bratislavský,B1
81535,Bratislavský,B1
81536,Bratislavský,B1
81537,Bratislavský,B1
81538,Bratislavský,B1
81539,Bratislavský,B1
81540,Bratislavský,B1
81541,Bratislavský,B1
81542,Bratislavský,B1
81543,Bratislavský,B1
81544,Bratislavský,B1
81545,Bratislavský,B1
81546,Bratislavský,B1
81547,Bratislavský,B1
81548,Bratislavský,B1
81549,Bratislavský,B1
81550,Bratislavský,B1
81551,Bratislavský,B1
81552,Bratislavský,B1
81553,Bratislavský,B1
81555,Bratislavský,B1
81556,Bratislavský,B1
81557,Bratislavský,B1
81558,Bratislavský,B1
81559,Bratislavský,B1
81561,Bratislavský,B1
81562,Bratislavský,B1
81563,Bratislavský,B1
81565,Bratislavský,B1
81566,Bratislavský,B1
81567,Bratislavský,B1
81568,Bratislavský,B1
81569,Bratislavský,B1
81570,Bratislavský,B1
81571,Bratislavský,B1
81572,Bratislavský,B1
81573,Bratislavský,B1
81574,Bratislavský,B1
81575,Bratislavský,B1
81576,Bratislavský,B1
81577,Bratislavský,B1
81578,Bratislavský,B1
81579,Bratislavský,B1
81580,Bratislavský,B1
81582,Bratislavský,B1
81583,Bratislavský,B1
81584,Bratislavský,B1
81585,Bratislavský,B1
81586,Bratislavský,B1
81587,Bratislavský,B1
81588,Bratislavský,B1
81589,Bratislavský,B1
81590,Bratislavský,B1
81591,Bratislavský,B1
81592,Bratislavský,B1
81593,Bratislavský,B1
81594,Bratislavský,B1
81595,Bratislavský,B1
81596,Bratislavský,B1
81601,Bratislavský,B1
81602,Bratislavský,B1
81603,Bratislavský,B1
81604,Bratislavský,B1
81605,Bratislavský,B1
81606,Bratislavský,B1
81607,Bratislavský,B1
81608,Bratislavský,B1
81609,Bratislavský,B1
81610,Bratislavský,B1
81611,Bratislavský,B1
81612,Bratislavský,B1
81613,Bratislavský,B1
81614,Bratislavský,B1
81615,Bratislavský,B1
81616,Bratislavský,B1
81617,Bratislavský,B1
81618,Bratislavský,B1
81620,Bratislavský,B1
81621,Bratislavský,B1
81622,Bratislavský,B1
81623,Bratislavský,B1
81624,Bratislavský,B1
81625,Bratislavský,B1
81626,Bratislavský,B1
81627,Bratislavský,B1
81628,Bratislavský,B1
81629,Bratislavský,B1
81630,Bratislavský,B1
81631,Bratislavský,B1
81632,Bratislavský,B1
81633,Bratislavský,B1
81634,Bratislavský,B1
81635,Bratislavský,B1
81636,Bratislavský,B1
81637,Bratislavský,B1
81638,Bratislavský,B1
81639,Bratislavský,B1
81640,Bratislavský,B1
81641,Bratislavský,B1
81642,Bratislavský,B1
81643,Bratislavský,B1
81644,Bratislavský,B1
81645,Bratislavský,B1
81646,Bratislavský,B1
81647,Bratislavský,B1
81648,Bratislavský,B1
81702,Bratislavský,B1
81704,Bratislavský,B1
81711,Bratislavský,B1
81715,Bratislavský,B1
81753,Bratislavský,B1
81755,Bratislavský,B1
81762,Bratislavský,B1
81773,Bratislavský,B1
81777,Bratislavský,B1
81778,Bratislavský,B1
81780,Bratislavský,B1
81782,Bratislavský,B1
81785,Bratislavský,B1
81787,Bratislavský,B1
81789,Bratislavský,B1
81795,Bratislavský,B1
81796,Bratislavský,B1
81798,Bratislavský,B1
81802,Bratislavský,B1
81809,Bratislavský,B1
81811,Bratislavský,B1
81901,Bratislavský,B1
81944,Bratislavský,B1
82004,Bratislavský,B2
82007,Bratislavský,B2
82008,Bratislavský,B2
82009,Bratislavský,B2
82011,Bratislavský,B2
82014,Bratislavský,B2
82015,Bratislavský,B2
82016,Bratislavský,B2
82017,Bratislavský,B2
82018,Bratislavský,B2
82101,Bratislavský,Bratislava II
82102,Bratislavský,Bratislava II
82103,Bratislavský,Bratislava II
82104,Bratislavský,Bratislava II
82105,Bratislavský,Bratislava II
82106,Bratislavský,Bratislava II
82107,Bratislavský,Bratislava II
82108,Bratislavský,Bratislava II
82109,Bratislavský,Bratislava II
82201,Bratislavský,B2
82202,Bratislavský,B2
82204,Bratislavský,B2
82208,Bratislavský,B2
82210,Bratislavský,B2
82211,Bratislavský,B2
82303,Bratislavský,B2
82305,Bratislavský,B2
82307,Bratislavský,B2
82309,Bratislavský,B2
82311,Bratislavský,B2
82365,Bratislavský,B2
82405,Bratislavský,B2
82410,Bratislavský,B2
82412,Bratislavský,B2
82419,Bratislavský,B2
82420,Bratislavský,B2
82453,Bratislavský,B2
82454,Bratislavský,B2
82459,Bratislavský,B2
82466,Bratislavský,B2
82473,Bratislavský,B2
82476,Bratislavský,B2
82477,Bratislavský,B2
82484,Bratislavský,B2
82496,Bratislavský,B2
82497,Bratislavský,B2
82508,Bratislavský,B2
82510,Bratislavský,B2
82511,Bratislavský,B2
82518,Bratislavský,B2
82521,Bratislavský,B2
82556,Bratislavský,B2
82561,Bratislavský,B2
82562,Bratislavský,B2
82563,Bratislavský,B2
82601,Bratislavský,B2
82609,Bratislavský,B2
82648,Bratislavský,B2
82650,Bratislavský,B2
82656,Bratislavský,B2
82658,Bratislavský,B2
82662,Bratislavský,B2
82664,Bratislavský,B2
82673,Bratislavský,B2
82686,Bratislavský,B2
82702,Bratislavský,B2
82705,Bratislavský,B2
82712,Bratislavský,B2
82714,Bratislavský,B2
82715,Bratislavský,B2
82718,Bratislavský,B2
82745,Bratislavský,B2
82749,Bratislavský,B2
82770,Bratislavský,B2
82799,Bratislavský,B2
82851,Bratislavský,B2
82855,Bratislavský,B1
82902,Bratislavský,B2
82924,Bratislavský,B2
82948,Bratislavský,B2
82974,Bratislavský,B2
82975,Bratislavský,B2
83000,Bratislavský,Bratislava V
83001,Bratislavský,B3
83003,Bratislavský,B3
83004,Bratislavský,B3
83005,Bratislavský,Bratislava V
83006,Bratislavský,B3
83007,Bratislavský,Bratislava V
83008,Bratislavský,B3
83101,Bratislavský,Bratislava III
83102,Bratislavský,Bratislava III
83103,Bratislavský,Bratislava III
83104,Bratislavský,Bratislava III
83106,Bratislavský,Bratislava III
83107,Bratislavský,Bratislava III
83151,Bratislavský,Bratislava III
83152,Bratislavský,Bratislava III
83153,Bratislavský,Bratislava III
83154,Bratislavský,Bratislava III
83201,Bratislavský,B3
83202,Bratislavský,B3
83203,Bratislavský,B3
83205,Bratislavský,B3
83206,Bratislavský,B3
83210,Bratislavský,B3
83211,Bratislavský,B3
83214,Bratislavský,B3
83215,Bratislavský,B3
83217,Bratislavský,B3
83218,Bratislavský,B3
83225,Bratislavský,B3
83227,Bratislavský,B3
83228,Bratislavský,B3
83229,Bratislavský,B3
83232,Bratislavský,B3
83234,Bratislavský,B3
83236,Bratislavský,B3
83237,Bratislavský,B3
83238,Bratislavský,B3
83239,Bratislavský,B3
83240,Bratislavský,B3
83242,Bratislavský,B3
83245,Bratislavský,B3
83247,Bratislavský,B3
83248,Bratislavský,B3
83250,Bratislavský,B3
83252,Bratislavský,B3
83253,Bratislavský,B3
83254,Bratislavský,B3
83255,Bratislavský,B3
83256,Bratislavský,B3
83257,Bratislavský,B3
83259,Bratislavský,B3
83262,Bratislavský,B3
83264,Bratislavský,B3
83265,Bratislavský,B3
83266,Bratislavský,B3
83268,Bratislavský,B3
83270,Bratislavský,B3
83271,Bratislavský,B3
83272,Bratislavský,B3
83273,Bratislavský,B3
83275,Bratislavský,B3
83277,Bratislavský,B3
83280,Bratislavský,B3
83283,Bratislavský,B3
83284,Bratislavský,B3
83290,Bratislavský,B3
83291,Bratislavský,B3
83292,Bratislavský,B3
83296,Bratislavský,B3
83298,Bratislavský,B3
83302,Bratislavský,B3
83303,Bratislavský,B3
83304,Bratislavský,B3
83305,Bratislavský,B3
83306,Bratislavský,B3
83310,Bratislavský,B3
83312,Bratislavský,B3
83314,Bratislavský,B3
83315,Bratislavský,B3
83316,Bratislavský,B3
83318,Bratislavský,B3
83320,Bratislavský,B3
83324,Bratislavský,B3
83329,Bratislavský,B3
83331,Bratislavský,B3
83332,Bratislavský,B3
83334,Bratislavský,B3
83336,Bratislavský,B3
83339,Bratislavský,B3
83340,Bratislavský,B3
83345,Bratislavský,B3
83348,Bratislavský,B3
83350,Bratislavský,B3
83351,Bratislavský,B3
83353,Bratislavský,B3
83358,Bratislavský,B3
83372,Bratislavský,B3
83374,Bratislavský,B3
83391,Bratislavský,B3
83401,Bratislavský,B3
83403,Bratislavský,B3
83404,Bratislavský,B3
83413,Bratislavský,B3
83414,Bratislavský,B3
83415,Bratislavský,B3
83506,Bratislavský,B3
83509,Bratislavský,B3
83515,Bratislavský,B3
83517,Bratislavský,B3
83518,Bratislavský,B3
83526,Bratislavský,B3
83554,Bratislavský,B3
83602,Bratislavský,B3
83603,Bratislavský,B3
83604,Bratislavský,B3
83605,Bratislavský,B3
83607,Bratislavský,B3
83609,Bratislavský,B3
83611,Bratislavský,B3
83614,Bratislavský,B3
83710,Bratislavský,B3
83752,Bratislavský,B3
83753,Bratislavský,B3
83756,Bratislavský,B3
83762,Bratislavský,B3
83763,Bratislavský,B3
83784,Bratislavský,B3
83796,Bratislavský,B3
83808,Bratislavský,B3
83810,Bratislavský,B3
83904,Bratislavský,B3
84000,Bratislavský,B4
84001,Bratislavský,B4
84002,Bratislavský,Bratislava V
84004,Bratislavský,B4
84006,Bratislavský,B4
84007,Bratislavský,B4
84008,Bratislavský,Bratislava V
84009,Bratislavský,Bratislava V
84011,Bratislavský,B4
84101,Bratislavský,Bratislava IV
84102,Bratislavský,Bratislava IV
84103,Bratislavský,Bratislava IV
84104,Bratislavský,Bratislava IV
84105,Bratislavský,Bratislava IV
84106,Bratislavský,Bratislava IV
84107,Bratislavský,Bratislava IV
84108,Bratislavský,Bratislava IV
84110,Bratislavský,Bratislava IV
84202,Bratislavský,B4
84208,Bratislavský,B4
84211,Bratislavský,B4
84213,Bratislavský,B4
84214,Bratislavský,B4
84215,Bratislavský,B4
84216,Bratislavský,B4
84217,Bratislavský,B4
84220,Bratislavský,B4
84221,Bratislavský,B4
84227,Bratislavský,B4
84229,Bratislavský,B4
84231,Bratislavský,B4
84237,Bratislavský,B4
84240,Bratislavský,B4
84244,Bratislavský,B4
84247,Bratislavský,B4
84248,Bratislavský,B4
84252,Bratislavský,B4
84253,Bratislavský,B4
84255,Bratislavský,B4
84258,Bratislavský,B4
84262,Bratislavský,B4
84264,Bratislavský,B4
84302,Bratislavský,B4
84353,Bratislavský,B4
84355,Bratislavský,B4
84356,Bratislavský,B4
84401,Bratislavský,B4
84402,Bratislavský,B4
84403,Bratislavský,B4
84404,Bratislavský,B4
84410,Bratislavský,B4
84413,Bratislavský,B4
84416,Bratislavský,B4
84418,Bratislavský,B4
84420,Bratislavský,B4
84422,Bratislavský,B4
84425,Bratislavský,B4
84437,Bratislavský,B4
84440,Bratislavský,B4
84453,Bratislavský,B4
84454,Bratislavský,B4
84461,Bratislavský,B4
84499,Bratislavský,B4
84503,Bratislavský,B4
84505,Bratislavský,B4
84506,Bratislavský,B4
84507,Bratislavský,B4
84510,Bratislavský,B4
84511,Bratislavský,B4
84512,Bratislavský,B4
84513,Bratislavský,B4
84523,Bratislavský,B4
84524,Bratislavský,B4
84525,Bratislavský,B4
84529,Bratislavský,B4
84532,Bratislavský,B4
84533,Bratislavský,B4
84535,Bratislavský,B4
84536,Bratislavský,B4
84538,Bratislavský,B4
84541,Bratislavský,B4
84545,Bratislavský,B4
84546,Bratislavský,B4
84551,Bratislavský,B4
85000,Bratislavský,Bratislava V
85002,Bratislavský,B5
85003,Bratislavský,B5
85005,Bratislavský,B5
85007,Bratislavský,B5
85009,Bratislavský,Bratislava V
85101,Bratislavský,Bratislava V
85102,Bratislavský,Bratislava V
85103,Bratislavský,Bratislava V
85104,Bratislavský,Bratislava V
85105,Bratislavský,Bratislava V
85106,Bratislavský,Bratislava V
85107,Bratislavský,Bratislava V
85110,Bratislavský,Bratislava V
85200,Bratislavský,B5
85201,Bratislavský,B5
85205,Bratislavský,B5
85206,Bratislavský,B5
85209,Bratislavský,B5
85210,Bratislavský,B5
85223,Bratislavský,B5
85226,Bratislavský,B5
85227,Bratislavský,B5
85228,Bratislavský,B5
85235,Bratislavský,B5
85238,Bratislavský,B5
85240,Bratislavský,B5
85241,Bratislavský,B5
85242,Bratislavský,B5
85245,Bratislavský,B5
85250,Bratislavský,B5
85255,Bratislavský,B5
85258,Bratislavský,B5
85260,Bratislavský,B5
85264,Bratislavský,B5
85267,Bratislavský,B5
85269,Bratislavský,B5
85271,Bratislavský,B5
85274,Bratislavský,B5
85283,Bratislavský,B5
85289,Bratislavský,B5
85292,Bratislavský,B5
85307,Bratislavský,B5
85308,Bratislavský,B5
85318,Bratislavský,B5
85401,Bratislavský,B5
85404,Bratislavský,B5
85405,Bratislavský,B5
90001,Bratislavský,Pezinok
90021,Bratislavský,Pezinok
90023,Bratislavský,Pezinok
90024,Bratislavský,Senec
90025,Bratislavský,Senec
90026,Bratislavský,Pezinok
90027,Bratislavský,Senec
90028,Bratislavský,Senec
90029,Bratislavský,Senec
90031,Bratislavský,Malacky
90032,Bratislavský,Malacky
90033,Bratislavský,Malacky
90041,Bratislavský,Senec
90042,Bratislavský,Senec
90043,Bratislavský,Senec
90044,Bratislavský,Senec
90045,Bratislavský,Senec
90046,Bratislavský,Senec
90050,Bratislavský,Senec
90051,Bratislavský,Malacky
90052,Bratislavský,Malacky
90053,Bratislavský,Malacky
90054,Bratislavský,Malacky
90055,Bratislavský,Malacky
90061,Bratislavský,Malacky
90062,Bratislavský,Malacky
90063,Bratislavský,Malacky
90064,Bratislavský,Malacky
90065,Bratislavský,Malacky
90066,Bratislavský,Malacky
90067,Bratislavský,Malacky
90068,Bratislavský,Malacky
90081,Bratislavský,Pezinok
90082,Bratislavský,Senec
90083,Bratislavský,Senec
90084,Bratislavský,Pezinok
90085,Bratislavský,Pezinok
90086,Bratislavský,Pezinok
90088,Bratislavský,Pezinok
90089,Bratislavský,Pezinok
90090,Bratislavský,Pezinok
90091,Bratislavský,Pezinok
90101,Bratislavský,Malacky
90119,Bratislavský,MA
90120,Bratislavský,MA
90126,Bratislavský,MA
90201,Bratislavský,Pezinok
90203,Bratislavský,Pezinok
90204,Bratislavský,PK
90214,Bratislavský,PK
90215,Bratislavský,PK
90218,Bratislavský,PK
90226,Bratislavský,PK
90301,Bratislavský,Senec
90312,Bratislavský,SC
90501,Trnavský,Senica
90508,Trnavský,SE
90511,Trnavský,SE
90515,Trnavský,SE
90525,Trnavský,SE
90526,Trnavský,SE
90528,Trnavský,SE
90529,Trnavský,SE
90530,Trnavský,SE
90531,Trnavský,SE
90532,Trnavský,SE
90535,Trnavský,SE
90540,Trnavský,SE
90545,Trnavský,SE
90547,Trnavský,SE
90580,Trnavský,SE
90591,Trnavský,SE
90602,Trnavský,Senica
90603,Trnavský,Senica
90604,Trnavský,Senica
90605,Trnavský,Senica
90606,Trenčiansky,Myjava
90607,Trnavský,Senica
90611,Trnavský,Senica
90612,Trnavský,Senica
90613,Trenčiansky,Myjava
90614,Trenčiansky,Myjava
90615,Trenčiansky,Myjava
90621,Trenčiansky,Myjava
90622,Trenčiansky,Myjava
90623,Trenčiansky,Myjava
90631,Trnavský,Senica
90632,Trnavský,Senica
90633,Trnavský,Senica
90634,Trnavský,Senica
90635,Bratislavský,Malacky
90636,Bratislavský,Malacky
90637,Bratislavský,Malacky
90638,Bratislavský,Malacky
90645,Trnavský,Senica
90701,Trenčiansky,Myjava
90703,Trenčiansky,Myjava
90713,Trenčiansky,MY
90714,Trenčiansky,MY
90801,Trnavský,Senica
90841,Trnavský,Senica
90842,Trnavský,Senica
90843,Trnavský,Senica
90844,Trnavský,Skalica
90845,Trnavský,Skalica
90846,Trnavský,Skalica
90847,Trnavský,Skalica
90848,Trnavský,Skalica
90849,Trnavský,Skalica
90851,Trnavský,Skalica
90861,Trnavský,Skalica
90862,Trnavský,Skalica
90863,Trnavský,Skalica
90864,Trnavský,Skalica
90865,Trnavský,Skalica
90871,Trnavský,Senica
90872,Bratislavský,Malacky
90873,Bratislavský,Malacky
90874,Bratislavský,Malacky
90875,Bratislavský,Malacky
90876,Trnavský,Senica
90877,Trnavský,Senica
90878,Trnavský,Senica
90879,Trnavský,Senica
90880,Trnavský,Senica
90885,Trnavský,Skalica
90901,Trnavský,Skalica
90982,Trnavský,SI
91101,Trenčiansky,Trenčín
91104,Trenčiansky,TN
91105,Trenčiansky,Trenčín
91106,Trenčiansky,Trenčín
91108,Trenčiansky,Trenčín
91127,Trenčiansky,TN
91132,Trenčiansky,TN
91133,Trenčiansky,TN
91137,Trenčiansky,TN
91138,Trenčiansky,TN
91142,Trenčiansky,TN
91149,Trenčiansky,TN
91150,Trenčiansky,TN
91152,Trenčiansky,TN
91162,Trenčiansky,TN
91164,Trenčiansky,TN
91167,Trenčiansky,TN
91169,Trenčiansky,TN
91171,Trenčiansky,TN
91179,Trenčiansky,TN
91180,Trenčiansky,TN
91182,Trenčiansky,TN
91196,Trenčiansky,TN
91208,Trenčiansky,TN
91250,Trenčiansky,TN
91303,Trenčiansky,Trenčín
91304,Trenčiansky,Trenčín
91305,Trenčiansky,Trenčín
91307,Trenčiansky,Nové Mesto n.Váhom
91308,Trenčiansky,Nové Mesto n.Váhom
91311,Trenčiansky,Trenčín
91321,Trenčiansky,Trenčín
91322,Trenčiansky,Trenčín
91323,Trenčiansky,Trenčín
91324,Trenčiansky,Trenčín
91325,Trenčiansky,Trenčín
91326,Trenčiansky,Trenčín
91331,Trenčiansky,Trenčín
91332,Trenčiansky,Trenčín
91333,Trenčiansky,Trenčín
91336,Trenčiansky,Trenčín
91338,Trenčiansky,Trenčín
91401,Trenčiansky,Trenčín
91441,Trenčiansky,Trenčín
91442,Trenčiansky,Trenčín
91443,Trenčiansky,Trenčín
91451,Trenčiansky,Trenčín
91501,Trenčiansky,Nové Mesto n.Váhom
91503,Trenčiansky,NM
91515,Trenčiansky,NM
91517,Trenčiansky,NM
91519,Trenčiansky,NM
91524,Trenčiansky,NM
91528,Trenčiansky,NM
91531,Trenčiansky,NM
91532,Trenčiansky,NM
91541,Trenčiansky,NM
91601,Trenčiansky,Nové Mesto n.Váhom
91611,Trenčiansky,Nové Mesto n.Váhom
91612,Trenčiansky,Nové Mesto n.Váhom
91613,Trenčiansky,Myjava
91614,Trenčiansky,Myjava
91616,Trenčiansky,Nové Mesto n.Váhom
91621,Trenčiansky,Nové Mesto n.Váhom
91622,Trenčiansky,Nové Mesto n.Váhom
91623,Trenčiansky,Nové Mesto n.Váhom
91624,Trenčiansky,Nové Mesto n.Váhom
91625,Trenčiansky,Nové Mesto n.Váhom
91626,Trenčiansky,Nové Mesto n.Váhom
91627,Trenčiansky,Nové Mesto n.Váhom
91631,Trenčiansky,Nové Mesto n.Váhom
91632,Trenčiansky,Nové Mesto n.Váhom
91633,Trenčiansky,Nové Mesto n.Váhom
91635,Trenčiansky,Nové Mesto n.Váhom
91637,Trenčiansky,Nové Mesto n.Váhom
91638,Trenčiansky,NM
91641,Trenčiansky,Nové Mesto n.Váhom
91642,Trenčiansky,Nové Mesto n.Váhom
91701,Trnavský,Trnava
91702,Trnavský,Trnava
91703,Trnavský,TT
91705,Trnavský,Trnava
91708,Trnavský,Trnava
91710,Trnavský,TT
91721,Trnavský,TT
91722,Trnavský,TT
91723,Trnavský,TT
91724,Trnavský,TT
91725,Trnavský,TT
91727,Trnavský,TT
91732,Trnavský,TT
91738,Trnavský,TT
91742,Trnavský,TT
91743,Trnavský,TT
91744,Trnavský,TT
91746,Trnavský,TT
91747,Trnavský,TT
91748,Trnavský,TT
91750,Trnavský,TT
91751,Trnavský,TT
91754,Trnavský,TT
91756,Trnavský,TT
91758,Trnavský,TT
91760,Trnavský,TT
91761,Trnavský,TT
91765,Trnavský,TT
91766,Trnavský,TT
91767,Trnavský,TT
91768,Trnavský,TT
91771,Trnavský,TT
91774,Trnavský,TT
91775,Trnavský,TT
91777,Trnavský,TT
91780,Trnavský,TT
91781,Trnavský,TT
91783,Trnavský,TT
91785,Trnavský,TT
91787,Trnavský,TT
91792,Trnavský,TT
91795,Trnavský,TT
91797,Trnavský,TT
91799,Trnavský,TT
91810,Trnavský,TT
91820,Trnavský,TT
91822,Trnavský,TT
91825,Trnavský,TT
91827,Trnavský,TT
91830,Trnavský,TT
91831,Trnavský,TT
91840,Trnavský,TT
91842,Trnavský,TT
91843,Trnavský,TT
91844,Trnavský,TT
91864,Trnavský,TT
91865,Trnavský,TT
91867,Trnavský,TT
91870,Trnavský,TT
91871,Trnavský,TT
91901,Trnavský,Trnava
91902,Trnavský,Trnava
91903,Trnavský,Trnava
91904,Trnavský,Trnava
91905,Trnavský,Trnava
91907,Trnavský,Trnava
91908,Trnavský,Trnava
91909,Trnavský,Trnava
91910,Trnavský,Trnava
91921,Trnavský,Trnava
91922,Trnavský,Trnava
91923,Trnavský,Trnava
91924,Trnavský,Trnava
91925,Trnavský,Trnava
91926,Trnavský,Trnava
91927,Trnavský,Trnava
91928,Trnavský,Trnava
91929,Trnavský,Trnava
91930,Trnavský,Trnava
91932,Trnavský,Trnava
91933,Trnavský,Hlohovec
91934,Trnavský,Trnava
91935,Trnavský,Trnava
91942,Trnavský,Trnava
91943,Trnavský,Trnava
91951,Trnavský,Trnava
91952,Trnavský,Trnava
91953,Trnavský,Trnava
91954,Trnavský,Trnava
91955,Trnavský,Trnava
91961,Trnavský,Trnava
91965,Trnavský,Trnava
92001,Trnavský,Hlohovec
92003,Trnavský,Hlohovec
92010,Trnavský,HC
92011,Trnavský,HC
92012,Trnavský,HC
92014,Trnavský,HC
92019,Trnavský,HC
92026,Trnavský,HC
92027,Trnavský,HC
92028,Trnavský,HC
92029,Trnavský,HC
92041,Trnavský,Hlohovec
92042,Trnavský,Hlohovec
92052,Trnavský,Hlohovec
92055,Trnavský,Hlohovec
92056,Trnavský,Hlohovec
92061,Trnavský,Hlohovec
92062,Trnavský,Hlohovec
92063,Trnavský,Hlohovec
92064,Trnavský,Hlohovec
92065,Trnavský,Hlohovec
92066,Trnavský,Hlohovec
92101,Trnavský,Piešťany
92106,Trnavský,PN
92112,Trnavský,PN
92115,Trnavský,PN
92116,Trnavský,PN
92119,Trnavský,PN
92121,Trnavský,PN
92125,Trnavský,PN
92126,Trnavský,PN
92128,Trnavský,PN
92129,Trnavský,PN
92145,Trnavský,PN
92147,Trnavský,PN
92149,Trnavský,PN
92159,Trnavský,PN
92163,Trnavský,PN
92168,Trnavský,PN
92169,Trnavský,PN
92171,Trnavský,PN
92172,Trnavský,PN
92177,Trnavský,PN
92179,Trnavský,PN
92180,Trnavský,PN
92201,Trnavský,Piešťany
92202,Trnavský,Piešťany
92203,Trnavský,Piešťany
92204,Trnavský,Piešťany
92205,Trnavský,Piešťany
92206,Trnavský,Piešťany
92207,Trnavský,Piešťany
92208,Trnavský,Piešťany
92209,Trnavský,Piešťany
92210,Trnavský,Piešťany
92211,Trnavský,Piešťany
92221,Trnavský,Piešťany
92231,Trnavský,Hlohovec
92241,Trnavský,Piešťany
92242,Trnavský,Hlohovec
92401,Trnavský,Galanta
92414,Trnavský,GA
92418,Trnavský,GA
92419,Trnavský,GA
92422,Trnavský,GA
92423,Trnavský,GA
92425,Trnavský,GA
92427,Trnavský,GA
92429,Trnavský,GA
92436,Trnavský,GA
92441,Trnavský,GA
92452,Trnavský,GA
92457,Trnavský,GA
92481,Trnavský,GA
92501,Trnavský,Galanta
92502,Trnavský,Galanta
92503,Trnavský,GA
92504,Trnavský,Galanta
92505,Trnavský,Galanta
92506,Trnavský,Galanta
92507,Trnavský,Galanta
92508,Trnavský,Galanta
92509,Trnavský,GA
92521,Trnavský,Galanta
92522,Trnavský,Galanta
92523,Trnavský,Galanta
92526,Bratislavský,Senec
92528,Trnavský,Galanta
92532,Trnavský,Galanta
92541,Trnavský,Galanta
92542,Trnavský,Galanta
92545,Trnavský,Galanta
92551,Trnavský,Galanta
92552,Trnavský,Galanta
92553,Trnavský,Galanta
92554,Trnavský,Galanta
92555,Trnavský,Galanta
92562,Trnavský,Galanta
92563,Trnavský,Galanta
92571,Nitriansky,Šaľa
92572,Nitriansky,Šaľa
92581,Nitriansky,Šaľa
92582,Nitriansky,Šaľa
92583,Nitriansky,Šaľa
92584,Nitriansky,Šaľa
92585,Nitriansky,Šaľa
92591,Nitriansky,Šaľa
92592,Trnavský,Galanta
92601,Trnavský,Galanta
92614,Trnavský,GA
92621,Trnavský,GA
92701,Nitriansky,Šaľa
92703,Nitriansky,SA
92705,Nitriansky,Šaľa
92714,Nitriansky,SA
92715,Nitriansky,SA
92719,Nitriansky,SA
92901,Trnavský,Dunajská Streda
92904,Trnavský,DS
92912,Trnavský,DS
92913,Trnavský,DS
92916,Trnavský,DS
92921,Trnavský,DS
92924,Trnavský,DS
92927,Trnavský,DS
92931,Trnavský,DS
92936,Trnavský,DS
92946,Trnavský,DS
92948,Trnavský,DS
92963,Trnavský,DS
92971,Trnavský,DS
93001,Trnavský,Dunajská Streda
93002,Trnavský,Dunajská Streda
93003,Trnavský,Dunajská Streda
93004,Trnavský,Dunajská Streda
93005,Trnavský,Dunajská Streda
93006,Trnavský,Dunajská Streda
93007,Trnavský,Dunajská Streda
93008,Trnavský,Dunajská Streda
93010,Trnavský,Dunajská Streda
93011,Trnavský,Dunajská Streda
93012,Trnavský,DS
93013,Trnavský,Dunajská Streda
93014,Trnavský,Dunajská Streda
93016,Trnavský,Dunajská Streda
93021,Trnavský,Dunajská Streda
93025,Trnavský,Dunajská Streda
93028,Trnavský,Dunajská Streda
93030,Trnavský,Dunajská Streda
93031,Trnavský,Dunajská Streda
93032,Trnavský,Dunajská Streda
93033,Trnavský,Dunajská Streda
93034,Trnavský,Dunajská Streda
93035,Trnavský,Dunajská Streda
93036,Trnavský,Dunajská Streda
93037,Trnavský,DS
93038,Trnavský,Dunajská Streda
93039,Trnavský,Dunajská Streda
93040,Trnavský,Dunajská Streda
93041,Trnavský,Dunajská Streda
93051,Trnavský,Dunajská Streda
93052,Trnavský,Dunajská Streda
93101,Trnavský,Dunajská Streda
93103,Trnavský,DS
93201,Trnavský,Dunajská Streda
93215,Trnavský,DS
93401,Nitriansky,Levice
93405,Nitriansky,Levice
93411,Nitriansky,LV
93413,Nitriansky,LV
93415,Nitriansky,LV
93417,Nitriansky,LV
93427,Nitriansky,LV
93429,Nitriansky,LV
93430,Nitriansky,LV
93431,Nitriansky,LV
93432,Nitriansky,LV
93438,Nitriansky,LV
93439,Nitriansky,LV
93440,Nitriansky,LV
93447,Nitriansky,LV
93448,Nitriansky,LV
93452,Nitriansky,LV
93456,Nitriansky,LV
93461,Nitriansky,LV
93468,Nitriansky,LV
93502,Nitriansky,Levice
93503,Nitriansky,Levice
93504,Nitriansky,Levice
93505,Nitriansky,Levice
93506,Nitriansky,Levice
93521,Nitriansky,Levice
93522,Nitriansky,Levice
93523,Nitriansky,Levice
93524,Nitriansky,Levice
93525,Nitriansky,LV
93526,Nitriansky,Levice
93527,Nitriansky,Levice
93529,Nitriansky,Levice
93531,Nitriansky,Levice
93532,Nitriansky,Levice
93533,Nitriansky,Levice
93534,Nitriansky,Levice
93535,Nitriansky,Levice
93536,Nitriansky,Levice
93537,Nitriansky,Levice
93538,Nitriansky,Levice
93539,Nitriansky,LV
93541,Nitriansky,Levice
93551,Nitriansky,Levice
93552,Nitriansky,Levice
93555,Nitriansky,Levice
93556,Nitriansky,Levice
93557,Nitriansky,Levice
93561,Nitriansky,Levice
93562,Nitriansky,Levice
93563,Nitriansky,Levice
93564,Nitriansky,Levice
93565,Nitriansky,Levice
93566,Nitriansky,Levice
93567,Nitriansky,Levice
93568,Nitriansky,Levice
93569,Nitriansky,Levice
93571,Nitriansky,Levice
93574,Nitriansky,Levice
93575,Nitriansky,Levice
93577,Nitriansky,Levice
93581,Nitriansky,Levice
93582,Nitriansky,Levice
93584,Nitriansky,Levice
93585,Nitriansky,Levice
93586,Nitriansky,Levice
93587,Nitriansky,Levice
93601,Nitriansky,Levice
93701,Nitriansky,Levice
93717,Nitriansky,LV
94001,Nitriansky,NZ
94002,Nitriansky,Nové Zámky
94016,Nitriansky,NZ
94030,Nitriansky,NZ
94034,Nitriansky,NZ
94035,Nitriansky,NZ
94036,Nitriansky,NZ
94037,Nitriansky,NZ
94042,Nitriansky,NZ
94044,Nitriansky,NZ
94045,Nitriansky,NZ
94085,Nitriansky,NZ
94089,Nitriansky,NZ
94091,Nitriansky,NZ
94092,Nitriansky,NZ
94101,Nitriansky,Nové Zámky
94102,Nitriansky,Nové Zámky
94103,Nitriansky,Nové Zámky
94104,Nitriansky,Nové Zámky
94105,Nitriansky,Nové Zámky
94106,Nitriansky,Nové Zámky
94107,Nitriansky,Nové Zámky
94108,Nitriansky,NZ
94110,Nitriansky,Nové Zámky
94111,Nitriansky,Nové Zámky
94121,Nitriansky,Nové Zámky
94122,Nitriansky,NZ
94123,Nitriansky,Nové Zámky
94131,Nitriansky,Nové Zámky
94132,Nitriansky,Nové Zámky
94133,Nitriansky,Nové Zámky
94134,Nitriansky,Nové Zámky
94135,Nitriansky,Nové Zámky
94136,Nitriansky,Nové Zámky
94137,Nitriansky,Nové Zámky
94141,Nitriansky,Nové Zámky
94142,Nitriansky,Nové Zámky
94143,Nitriansky,Nové Zámky
94144,Nitriansky,Nové Zámky
94145,Nitriansky,Nové Zámky
94146,Nitriansky,Nové Zámky
94147,Nitriansky,Nové Zámky
94148,Nitriansky,Nové Zámky
94149,Nitriansky,Nové Zámky
94150,Nitriansky,Nové Zámky
94151,Nitriansky,Nové Zámky
94162,Nitriansky,Nové Zámky
94201,Nitriansky,Nové Zámky
94218,Nitriansky,NZ
94301,Nitriansky,Nové Zámky
94304,Nitriansky,Nové Zámky
94342,Nitriansky,Nové Zámky
94352,Nitriansky,Nové Zámky
94353,Nitriansky,Nové Zámky
94354,Nitriansky,Nové Zámky
94355,Nitriansky,Nové Zámky
94356,Nitriansky,Nové Zámky
94357,Nitriansky,Nové Zámky
94358,Nitriansky,Nové Zámky
94359,Nitriansky,Nové Zámky
94360,Nitriansky,Nové Zámky
94361,Nitriansky,Nové Zámky
94365,Nitriansky,Nové Zámky
94501,Nitriansky,Komárno
94504,Nitriansky,Komárno
94505,Nitriansky,Komárno
94511,Nitriansky,KN
94512,Nitriansky,KN
94515,Nitriansky,KN
94523,Nitriansky,KN
94525,Nitriansky,KN
94528,Nitriansky,KN
94529,Nitriansky,KN
94530,Nitriansky,KN
94533,Nitriansky,KN
94535,Nitriansky,KN
94540,Nitriansky,KN
94545,Nitriansky,KN
94547,Nitriansky,KN
94550,Nitriansky,KN
94552,Nitriansky,KN
94553,Nitriansky,KN
94559,Nitriansky,KN
94560,Nitriansky,KN
94567,Nitriansky,KN
94571,Nitriansky,KN
94574,Nitriansky,KN
94575,Nitriansky,KN
94576,Nitriansky,KN
94578,Nitriansky,KN
94579,Nitriansky,KN
94584,Nitriansky,KN
94601,Nitriansky,Komárno
94602,Nitriansky,Komárno
94603,Nitriansky,Komárno
94612,Nitriansky,Komárno
94613,Nitriansky,Komárno
94614,Nitriansky,Komárno
94615,Nitriansky,Komárno
94616,Nitriansky,Komárno
94617,Nitriansky,Komárno
94619,Nitriansky,Komárno
94621,Nitriansky,Komárno
94631,Nitriansky,Komárno
94632,Nitriansky,Komárno
94633,Nitriansky,Komárno
94634,Nitriansky,Komárno
94635,Nitriansky,Komárno
94636,Nitriansky,Komárno
94637,Nitriansky,Komárno
94638,Nitriansky,Komárno
94639,Nitriansky,Komárno
94651,Nitriansky,Komárno
94652,Nitriansky,Komárno
94654,Nitriansky,Komárno
94655,Nitriansky,Komárno
94656,Nitriansky,Komárno
94657,Nitriansky,Komárno
94701,Nitriansky,Komárno
94703,Nitriansky,Komárno
94712,Nitriansky,KN
94901,Nitriansky,Nitra
94903,Nitriansky,NR
94905,Nitriansky,Nitra
94907,Nitriansky,Nitra
94909,Nitriansky,NR
94910,Nitriansky,NR
94911,Nitriansky,Nitra
94912,Nitriansky,NR
94921,Nitriansky,NR
94928,Nitriansky,NR
94931,Nitriansky,NR
94935,Nitriansky,NR
94936,Nitriansky,NR
94939,Nitriansky,NR
94944,Nitriansky,NR
94948,Nitriansky,NR
94955,Nitriansky,NR
94958,Nitriansky,NR
94960,Nitriansky,NR
94961,Nitriansky,NR
94963,Nitriansky,NR
94965,Nitriansky,NR
94966,Nitriansky,NR
94968,Nitriansky,NR
94973,Nitriansky,NR
94974,Nitriansky,NR
94976,Nitriansky,NR
94978,Nitriansky,NR
94979,Nitriansky,NR
94985,Nitriansky,NR
94989,Nitriansky,NR
94999,Nitriansky,NR
95001,Nitriansky,NR
95003,Nitriansky,NR
95006,Nitriansky,NR
95007,Nitriansky,NR
95008,Nitriansky,NR
95012,Nitriansky,NR
95015,Nitriansky,NR
95016,Nitriansky,NR
95022,Nitriansky,NR
95028,Nitriansky,NR
95030,Nitriansky,NR
95043,Nitriansky,NR
95047,Nitriansky,NR
95048,Nitriansky,NR
95050,Nitriansky,NR
95053,Nitriansky,NR
95061,Nitriansky,NR
95101,Nitriansky,Nitra
95102,Nitriansky,Nitra
95103,Nitriansky,Nitra
95104,Nitriansky,Nitra
95105,Nitriansky,Nitra
95106,Nitriansky,Nitra
95107,Nitriansky,Nitra
95108,Nitriansky,Nitra
95112,Nitriansky,Nitra
95113,Nitriansky,Nitra
95115,Nitriansky,Nitra
95116,Nitriansky,Nitra
95117,Nitriansky,Nitra
95121,Nitriansky,Nitra
95122,Nitriansky,Nitra
95123,Nitriansky,Nitra
95124,Nitriansky,Nitra
95125,Nitriansky,Nitra
95126,Nitriansky,Nitra
95131,Nitriansky,Šaľa
95132,Nitriansky,Šaľa
95133,Nitriansky,Šaľa
95134,Nitriansky,Nitra
95135,Nitriansky,Nitra
95136,Nitriansky,Nitra
95137,Nitriansky,Nitra
95141,Nitriansky,Nitra
95142,Nitriansky,Nitra
95143,Nitriansky,Nitra
95144,Nitriansky,Nitra
95145,Nitriansky,Nitra
95146,Nitriansky,Nitra
95148,Nitriansky,Nitra
95151,Nitriansky,Nitra
95152,Nitriansky,Zlaté Moravce
95153,Nitriansky,Nitra
95154,Nitriansky,Nitra
95161,Nitriansky,Nitra
95162,Nitriansky,Zlaté Moravce
95171,Nitriansky,Zlaté Moravce
95172,Nitriansky,Zlaté Moravce
95173,Nitriansky,Nitra
95174,Nitriansky,Nitra
95175,Nitriansky,Zlaté Moravce
95176,Nitriansky,Zlaté Moravce
95177,Nitriansky,Zlaté Moravce
95178,Nitriansky,NR
95181,Nitriansky,Zlaté Moravce
95182,Nitriansky,Zlaté Moravce
95185,Nitriansky,Zlaté Moravce
95187,Nitriansky,Zlaté Moravce
95188,Nitriansky,Nitra
95191,Nitriansky,Zlaté Moravce
95192,Nitriansky,Zlaté Moravce
95193,Nitriansky,Zlaté Moravce
95194,Nitriansky,Zlaté Moravce
95195,Nitriansky,Zlaté Moravce
95196,Nitriansky,Zlaté Moravce
95197,Nitriansky,Zlaté Moravce
95201,Nitriansky,Nitra
95212,Nitriansky,NR
95214,Nitriansky,NR
95216,Nitriansky,NR
95217,Nitriansky,NR
95280,Nitriansky,NR
95281,Nitriansky,NR
95301,Nitriansky,Zlaté Moravce
95305,Nitriansky,Zlaté Moravce
95311,Nitriansky,ZM
95317,Nitriansky,ZM
95320,Nitriansky,ZM
95321,Nitriansky,ZM
95322,Nitriansky,ZM
95328,Nitriansky,ZM
95330,Nitriansky,ZM
95333,Nitriansky,ZM
95336,Nitriansky,ZM
95338,Nitriansky,ZM
95339,Nitriansky,ZM
95340,Nitriansky,ZM
95342,Nitriansky,ZM
95501,Nitriansky,Topoľčany
95503,Nitriansky,Topoľčany
95513,Nitriansky,TO
95514,Nitriansky,TO
95515,Nitriansky,TO
95520,Nitriansky,TO
95521,Nitriansky,TO
95523,Nitriansky,TO
95528,Nitriansky,TO
95535,Nitriansky,TO
95537,Nitriansky,TO
95539,Nitriansky,TO
95540,Nitriansky,TO
95548,Nitriansky,TO
95555,Nitriansky,TO
95556,Nitriansky,TO
95561,Nitriansky,TO
95582,Nitriansky,TO
95586,Nitriansky,TO
95588,Nitriansky,TO
95592,Nitriansky,TO
95594,Nitriansky,TO
95601,Nitriansky,Topoľčany
95602,Nitriansky,Topoľčany
95603,Nitriansky,Topoľčany
95604,Nitriansky,TO
95605,Nitriansky,Topoľčany
95606,Nitriansky,Topoľčany
95607,Nitriansky,Topoľčany
95608,Nitriansky,Topoľčany
95611,Nitriansky,Topoľčany
95612,Nitriansky,Topoľčany
95613,Nitriansky,Topoľčany
95614,Nitriansky,Topoľčany
95615,Nitriansky,Topoľčany
95616,Nitriansky,Topoľčany
95617,Nitriansky,Topoľčany
95618,Trenčiansky,Partizánske
95619,Nitriansky,Topoľčany
95621,Nitriansky,Topoľčany
95622,Nitriansky,Topoľčany
95631,Nitriansky,Topoľčany
95632,Trenčiansky,Partizánske
95633,Trenčiansky,Partizánske
95634,Trenčiansky,Partizánske
95635,Trenčiansky,Bánovce nad Bebravou
95636,Trenčiansky,Bánovce nad Bebravou
95637,Trenčiansky,Bánovce nad Bebravou
95638,Trenčiansky,Bánovce nad Bebravou
95641,Trenčiansky,Bánovce nad Bebravou
95643,Trenčiansky,BN
95652,Trenčiansky,Bánovce nad Bebravou
95653,Trenčiansky,Bánovce nad Bebravou
95654,Trenčiansky,Bánovce nad Bebravou
95655,Trenčiansky,Bánovce nad Bebravou
95701,Trenčiansky,Bánovce nad Bebravou
95703,Trenčiansky,Bánovce nad Bebravou
95704,Trenčiansky,Bánovce nad Bebravou
95716,Trenčiansky,BN
95717,Trenčiansky,BN
95801,Trenčiansky,Partizánske
95803,Trenčiansky,Partizánske
95804,Trenčiansky,Partizánske
95806,Trenčiansky,Partizánske
95807,Trenčiansky,PE
95814,Trenčiansky,PE
95817,Trenčiansky,PE
95822,Trenčiansky,PE
95824,Trenčiansky,PE
95826,Trenčiansky,PE
95829,Trenčiansky,PE
95841,Trenčiansky,Partizánske
95842,Trenčiansky,Partizánske
95843,Trenčiansky,Partizánske
95844,Trenčiansky,Partizánske
95845,Trenčiansky,Partizánske
95852,Trenčiansky,Partizánske
95853,Trenčiansky,Partizánske
95854,Trenčiansky,Partizánske
96001,Banskobystrický,Zvolen
96003,Banskobystrický,ZV
96007,Banskobystrický,ZV
96008,Banskobystrický,ZV
96009,Banskobystrický,ZV
96012,Banskobystrický,ZV
96013,Banskobystrický,ZV
96019,Banskobystrický,ZV
96023,Banskobystrický,ZV
96024,Banskobystrický,ZV
96025,Banskobystrický,ZV
96026,Banskobystrický,ZV
96032,Banskobystrický,ZV
96036,Banskobystrický,ZV
96042,Banskobystrický,ZV
96044,Banskobystrický,ZV
96047,Banskobystrický,ZV
96053,Banskobystrický,ZV
96055,Banskobystrický,ZV
96061,Banskobystrický,ZV
96062,Banskobystrický,ZV
96064,Banskobystrický,ZV
96065,Banskobystrický,ZV
96066,Banskobystrický,ZV
96068,Banskobystrický,ZV
96069,Banskobystrický,ZV
96077,Banskobystrický,ZV
96078,Banskobystrický,ZV
96081,Banskobystrický,ZV
96082,Banskobystrický,ZV
96083,Banskobystrický,ZV
96086,Banskobystrický,ZV
96089,Banskobystrický,ZV
96093,Banskobystrický,ZV
96095,Banskobystrický,ZV
96098,Banskobystrický,ZV
96099,Banskobystrický,ZV
96102,Banskobystrický,ZV
96103,Banskobystrický,ZV
96107,Banskobystrický,ZV
96108,Banskobystrický,ZV
96109,Banskobystrický,ZV
96115,Banskobystrický,ZV
96116,Banskobystrický,ZV
96117,Banskobystrický,ZV
96120,Banskobystrický,ZV
96121,Banskobystrický,ZV
96133,Banskobystrický,ZV
96140,Banskobystrický,ZV
96150,Banskobystrický,ZV
96201,Banskobystrický,Zvolen
96202,Banskobystrický,Detva
96204,Banskobystrický,Detva
96205,Banskobystrický,Detva
96212,Banskobystrický,Detva
96221,Prešovský,Humenné
96223,Banskobystrický,Zvolen
96224,Banskobystrický,DT
96225,Banskobystrický,Detva
96231,Banskobystrický,Zvolen
96233,Banskobystrický,Zvolen
96234,Banskobystrický,Zvolen
96237,Banskobystrický,Zvolen
96241,Banskobystrický,Krupina
96243,Banskobystrický,Krupina
96244,Banskobystrický,Krupina
96251,Banskobystrický,Krupina
96252,Banskobystrický,Krupina
96255,Banskobystrický,Krupina
96261,Banskobystrický,Zvolen
96262,Banskobystrický,Zvolen
96263,Banskobystrický,Zvolen
96265,Banskobystrický,Krupina
96266,Banskobystrický,Krupina
96268,Banskobystrický,Krupina
96270,Banskobystrický,KA
96271,Banskobystrický,Krupina
96275,Banskobystrický,Detva
96301,Banskobystrický,Krupina
96311,Banskobystrický,KA
96316,Banskobystrický,KA
96321,Banskobystrický,KA
96346,Banskobystrický,KA
96380,Banskobystrický,KA
96388,Banskobystrický,KA
96501,Banskobystrický,Žiar nad Hronom
96519,Banskobystrický,ZH
96535,Banskobystrický,ZH
96537,Banskobystrický,ZH
96554,Banskobystrický,ZH
96563,Banskobystrický,ZH
96601,Banskobystrický,Žiar nad Hronom
96602,Banskobystrický,Žiar nad Hronom
96603,Banskobystrický,Žiar nad Hronom
96604,Banskobystrický,Žiar nad Hronom
96611,Banskobystrický,Zvolen
96615,Banskobystrický,Banská Štiavnica
96621,Banskobystrický,Žiar nad Hronom
96622,Banskobystrický,Žiar nad Hronom
96623,Banskobystrický,Žiar nad Hronom
96624,Banskobystrický,Žiar nad Hronom
96641,Banskobystrický,Žarnovica
96642,Banskobystrický,Žarnovica
96651,Banskobystrický,Žarnovica
96652,Banskobystrický,Žarnovica
96653,Banskobystrický,Žarnovica
96661,Banskobystrický,ZC
96671,Banskobystrický,Žarnovica
96674,Banskobystrický,Žarnovica
96677,Banskobystrický,Žarnovica
96678,Banskobystrický,Žarnovica
96681,Banskobystrický,Žarnovica
96701,Banskobystrický,Žiar nad Hronom
96801,Banskobystrický,Žarnovica
96814,Banskobystrický,ZC
96901,Banskobystrický,Banská Štiavnica
96924,Banskobystrický,BS
96950,Banskobystrický,BS
96955,Banskobystrický,BS
96958,Banskobystrický,BS
96972,Banskobystrický,Banská Štiavnica
96973,Banskobystrický,Banská Štiavnica
96981,Banskobystrický,BS
96982,Banskobystrický,Banská Štiavnica
97101,Trenčiansky,Prievidza
97104,Trenčiansky,PD
97106,Trenčiansky,PD
97112,Trenčiansky,PD
97113,Trenčiansky,PD
97119,Trenčiansky,PD
97126,Trenčiansky,PD
97127,Trenčiansky,PD
97131,Trenčiansky,PD
97134,Trenčiansky,PD
97136,Trenčiansky,PD
97144,Trenčiansky,PD
97148,Trenčiansky,PD
97151,Trenčiansky,PD
97153,Trenčiansky,PD
97155,Trenčiansky,PD
97157,Trenčiansky,PD
97158,Trenčiansky,PD
97166,Trenčiansky,PD
97168,Trenčiansky,PD
97172,Trenčiansky,PD
97173,Trenčiansky,PD
97174,Trenčiansky,PD
97180,Trenčiansky,PD
97201,Trenčiansky,Prievidza
97202,Trenčiansky,Prievidza
97205,Trenčiansky,Prievidza
97211,Trenčiansky,Prievidza
97212,Trenčiansky,Prievidza
97213,Trenčiansky,Prievidza
97214,Trenčiansky,Prievidza
97215,Trenčiansky,Prievidza
97216,Trenčiansky,Prievidza
97217,Trenčiansky,Prievidza
97221,Trenčiansky,Prievidza
97222,Trenčiansky,Prievidza
97223,Trenčiansky,Prievidza
97224,Trenčiansky,Prievidza
97225,Trenčiansky,Prievidza
97226,Trenčiansky,Prievidza
97227,Trenčiansky,Prievidza
97228,Trenčiansky,Prievidza
97229,Trenčiansky,Prievidza
97231,Trenčiansky,Prievidza
97232,Trenčiansky,Prievidza
97241,Trenčiansky,Prievidza
97242,Trenčiansky,Prievidza
97243,Trenčiansky,Prievidza
97244,Trenčiansky,Prievidza
97245,Trenčiansky,Prievidza
97246,Trenčiansky,Prievidza
97247,Trenčiansky,Prievidza
97248,Trenčiansky,Prievidza
97251,Trenčiansky,Prievidza
97271,Trenčiansky,Prievidza
97401,Banskobystrický,Banská Bystrica
97404,Banskobystrický,Banská Bystrica
97405,Banskobystrický,Banská Bystrica
97409,Banskobystrický,Banská Bystrica
97411,Banskobystrický,Banská Bystrica
97423,Banskobystrický,BB
97433,Banskobystrický,BB
97464,Banskobystrický,BB
97472,Banskobystrický,BB
97473,Banskobystrický,BB
97484,Banskobystrický,BB
97486,Banskobystrický,BB
97489,Banskobystrický,BB
97496,Banskobystrický,BB
97498,Banskobystrický,BB
97499,Banskobystrický,BB
97504,Banskobystrický,BB
97505,Banskobystrický,BB
97509,Banskobystrický,BB
97511,Banskobystrický,BB
97520,Banskobystrický,BB
97525,Banskobystrický,BB
97526,Banskobystrický,BB
97528,Banskobystrický,BB
97558,Banskobystrický,BB
97562,Banskobystrický,BB
97563,Banskobystrický,BB
97565,Banskobystrický,BB
97566,Banskobystrický,BB
97568,Banskobystrický,BB
97575,Banskobystrický,BB
97577,Banskobystrický,BB
97588,Banskobystrický,BB
97589,Banskobystrický,BB
97590,Banskobystrický,BB
97599,Banskobystrický,BB
97602,Banskobystrický,Banská Bystrica
97603,Banskobystrický,Banská Bystrica
97611,Banskobystrický,Banská Bystrica
97613,Banskobystrický,Banská Bystrica
97631,Banskobystrický,Banská Bystrica
97632,Banskobystrický,Banská Bystrica
97633,Banskobystrický,Banská Bystrica
97634,Banskobystrický,Banská Bystrica
97637,Banskobystrický,Banská Bystrica
97639,Banskobystrický,Banská Bystrica
97644,Banskobystrický,Brezno
97645,Banskobystrický,Brezno
97646,Banskobystrický,Brezno
97652,Banskobystrický,Brezno
97653,Banskobystrický,Brezno
97655,Banskobystrický,Banská Bystrica
97656,Banskobystrický,Brezno
97657,Banskobystrický,Brezno
97661,Banskobystrický,Banská Bystrica
97662,Banskobystrický,Banská Bystrica
97663,Banskobystrický,Brezno
97664,Banskobystrický,Brezno
97666,Banskobystrický,Brezno
97667,Banskobystrický,Brezno
97668,Banskobystrický,Brezno
97669,Banskobystrický,Brezno
97671,Banskobystrický,Brezno
97673,Banskobystrický,Brezno
97675,Banskobystrický,Brezno
97681,Banskobystrický,Brezno
97696,Banskobystrický,Banská Bystrica
97697,Banskobystrický,Brezno
97698,Banskobystrický,Brezno
97701,Banskobystrický,Brezno
97703,Banskobystrický,Brezno
97709,Banskobystrický,BR
97711,Banskobystrický,BR
97715,Banskobystrický,BR
97723,Banskobystrický,BR
97738,Banskobystrický,BR
97742,Banskobystrický,BR
97743,Banskobystrický,BR
97749,Banskobystrický,BR
97765,Banskobystrický,BR
97901,Banskobystrický,Rimavská Sobota
97903,Banskobystrický,RS
97911,Banskobystrický,RS
97912,Banskobystrický,RS
97913,Banskobystrický,RS
97914,Banskobystrický,RS
97921,Banskobystrický,RS
97927,Banskobystrický,RS
97980,Banskobystrický,RS
98001,Banskobystrický,Rimavská Sobota
98002,Banskobystrický,Rimavská Sobota
98003,Banskobystrický,Rimavská Sobota
98004,Banskobystrický,Rimavská Sobota
98011,Banskobystrický,RS
98012,Banskobystrický,Poltár
98013,Banskobystrický,Poltár
98021,Banskobystrický,Rimavská Sobota
98022,Banskobystrický,Rimavská Sobota
98023,Banskobystrický,Rimavská Sobota
98025,Banskobystrický,RS
98026,Banskobystrický,Rimavská Sobota
98031,Banskobystrický,Rimavská Sobota
98032,Banskobystrický,Rimavská Sobota
98033,Banskobystrický,Rimavská Sobota
98034,Banskobystrický,Rimavská Sobota
98035,Banskobystrický,Rimavská Sobota
98041,Banskobystrický,Rimavská Sobota
98042,Banskobystrický,Rimavská Sobota
98043,Banskobystrický,Rimavská Sobota
98044,Banskobystrický,Rimavská Sobota
98045,Banskobystrický,Rimavská Sobota
98046,Košický,Rožňava
98050,Banskobystrický,Rimavská Sobota
98052,Banskobystrický,Rimavská Sobota
98053,Banskobystrický,Rimavská Sobota
98054,Banskobystrický,Rimavská Sobota
98055,Banskobystrický,Rimavská Sobota
98061,Banskobystrický,Rimavská Sobota
98101,Banskobystrický,RS
98201,Banskobystrický,Revúca
98240,Banskobystrický,RA
98251,Banskobystrický,Rimavská Sobota
98252,Banskobystrický,Rimavská Sobota
98262,Banskobystrický,Revúca
98265,Banskobystrický,Revúca
98266,Banskobystrický,Revúca
98267,Banskobystrický,Rimavská Sobota
98401,Banskobystrický,Lučenec
98403,Banskobystrický,Lučenec
98404,Banskobystrický,LC
98412,Banskobystrický,LC
98414,Banskobystrický,LC
98416,Banskobystrický,LC
98417,Banskobystrický,LC
98421,Banskobystrický,LC
98428,Banskobystrický,LC
98432,Banskobystrický,LC
98433,Banskobystrický,LC
98434,Banskobystrický,LC
98436,Banskobystrický,LC
98437,Banskobystrický,LC
98438,Banskobystrický,LC
98439,Banskobystrický,LC
98442,Banskobystrický,LC
98445,Banskobystrický,LC
98446,Banskobystrický,LC
98453,Banskobystrický,LC
98460,Banskobystrický,LC
98480,Banskobystrický,LC
98501,Banskobystrický,Poltár
98502,Banskobystrický,Poltár
98503,Banskobystrický,Poltár
98505,Banskobystrický,Poltár
98506,Banskobystrický,Poltár
98507,Banskobystrický,Poltár
98511,Banskobystrický,Lučenec
98512,Banskobystrický,Lučenec
98513,Banskobystrický,Lučenec
98522,Banskobystrický,Poltár
98524,Banskobystrický,Poltár
98525,Banskobystrický,Poltár
98526,Banskobystrický,Poltár
98531,Banskobystrický,Lučenec
98532,Banskobystrický,Lučenec
98541,Banskobystrický,Lučenec
98542,Banskobystrický,Rimavská Sobota
98545,Banskobystrický,Poltár
98551,Banskobystrický,Detva
98552,Banskobystrický,Lučenec
98553,Banskobystrický,Lučenec
98554,Banskobystrický,Lučenec
98556,Banskobystrický,Lučenec
98557,Banskobystrický,Lučenec
98558,Banskobystrický,Lučenec
98559,Banskobystrický,Lučenec
98601,Banskobystrický,Lučenec
98611,Banskobystrický,LC
98615,Banskobystrický,LC
98701,Banskobystrický,Poltár
98782,Banskobystrický,PT
99001,Banskobystrický,Veľký Krtíš
99011,Banskobystrický,VK
99012,Banskobystrický,VK
99013,Banskobystrický,VK
99014,Banskobystrický,VK
99016,Banskobystrický,VK
99080,Banskobystrický,VK
99101,Banskobystrický,Veľký Krtíš
99102,Banskobystrický,Veľký Krtíš
99103,Banskobystrický,Veľký Krtíš
99105,Banskobystrický,Veľký Krtíš
99106,Banskobystrický,Veľký Krtíš
99107,Banskobystrický,Veľký Krtíš
99108,Banskobystrický,Veľký Krtíš
99109,Banskobystrický,Veľký Krtíš
99110,Banskobystrický,Veľký Krtíš
99111,Banskobystrický,Veľký Krtíš
99121,Banskobystrický,Veľký Krtíš
99122,Banskobystrický,Veľký Krtíš
99123,Banskobystrický,Veľký Krtíš
99124,Banskobystrický,Veľký Krtíš
99125,Banskobystrický,Veľký Krtíš
99126,Banskobystrický,Veľký Krtíš
99127,Banskobystrický,Veľký Krtíš
99128,Banskobystrický,Veľký Krtíš
99131,Banskobystrický,VK
99135,Banskobystrický,Veľký Krtíš
99141,Banskobystrický,Veľký Krtíš
99142,Banskobystrický,Veľký Krtíš
99201,Banskobystrický,Veľký Krtíš
99210,Banskobystrický,VK
99214,Banskobystrický,VK
